MinTemp,MaxTemp,Rainfall,WindGustDir,WindGustSpeed,WindDir9am,WindDir3pm,WindSpeed9am,WindSpeed3pm,Humidity9am,Humidity3pm,Pressure9am,Pressure3pm,Cloud9am,Cloud3pm,Temp9am,Temp3pm,RainToday,RainTomorrow
20.3,37.1,0.0,SSE,39.0,ESE,SW,17.0,19.0,14.0,9,1015.8,1012.7,,,27.7,35.3,No,No
20.0,32.6,0.0,E,52.0,ESE,E,30.0,28.0,28.0,15,1022.1,1016.7,2.0,,23.6,31.9,No,No
18.0,33.8,0.0,E,44.0,E,ENE,30.0,22.0,23.0,10,1020.3,1014.6,,,22.1,32.7,No,No
15.5,36.5,0.0,WNW,56.0,E,NW,24.0,17.0,16.0,10,1015.6,1010.1,,,23.8,35.6,No,No
23.1,37.4,0.0,SSE,41.0,E,SE,4.0,7.0,18.0,12,1014.4,1009.7,,6.0,29.6,37.0,No,No
19.5,39.2,0.0,N,48.0,NE,N,24.0,28.0,11.0,8,1012.7,1007.7,,1.0,30.2,37.6,No,No
19.9,38.3,0.0,S,50.0,NW,SW,33.0,22.0,12.0,8,1009.7,1008.4,1.0,,32.2,36.3,No,No
15.5,30.3,0.0,ESE,48.0,ESE,E,31.0,26.0,28.0,16,1018.1,1014.4,,,21.4,28.8,No,No
15.1,33.2,0.0,E,50.0,E,ENE,33.0,11.0,21.0,11,1019.1,1014.0,,,21.7,31.7,No,No
13.8,37.2,0.0,SW,35.0,E,SSE,20.0,7.0,13.0,7,1016.7,1011.0,,,25.0,35.4,No,No
16.4,34.1,0.0,S,43.0,S,SSW,24.0,13.0,27.0,8,1014.7,1010.2,,,23.5,32.8,No,No
12.1,31.7,0.0,SE,30.0,ESE,NE,17.0,9.0,30.0,13,1016.2,1010.4,,,21.6,30.4,No,No
11.9,33.9,0.0,SSW,37.0,ESE,ESE,19.0,11.0,12.0,6,1013.4,1009.4,,,25.7,31.6,No,No
12.9,30.7,0.0,SE,48.0,SE,SE,22.0,17.0,30.0,16,1017.3,1015.8,,2.0,21.8,30.2,No,No
15.6,27.9,0.0,E,48.0,E,E,30.0,17.0,22.0,8,1023.5,1018.7,4.0,,18.2,26.1,No,No
10.0,29.4,0.0,ENE,41.0,E,E,26.0,7.0,17.0,8,1022.0,1017.3,,,19.7,27.8,No,No
8.4,32.6,0.0,NE,39.0,ENE,ESE,20.0,15.0,10.0,6,1020.7,1015.3,,,21.6,30.4,No,No
9.7,33.0,0.0,E,39.0,NE,NE,26.0,15.0,9.0,5,1020.2,1015.1,,,23.2,31.1,No,No
10.8,35.2,0.0,NE,43.0,ENE,ENE,13.0,17.0,8.0,4,1018.9,1013.9,,,25.2,34.6,No,No
9.0,37.4,0.0,NNW,48.0,NNE,N,15.0,17.0,6.0,3,1017.1,1012.9,,,27.3,35.7,No,No
11.5,39.2,0.0,NNE,52.0,ENE,NNW,11.0,19.0,5.0,3,1016.6,1012.2,,,29.1,37.8,No,No
15.2,39.4,0.0,NNW,44.0,N,W,28.0,22.0,9.0,7,1016.3,1013.3,,,32.8,38.4,No,No
22.1,39.7,0.0,SE,48.0,ESE,S,20.0,11.0,16.0,7,1016.7,1012.1,,,30.4,39.0,No,No
18.9,39.5,0.0,N,41.0,NNE,NNW,26.0,20.0,11.0,7,1014.6,1011.2,,,33.0,38.5,No,No
21.8,40.8,0.0,ESE,43.0,ESE,NW,13.0,20.0,15.0,8,1014.7,1010.9,,6.0,32.6,38.6,No,No
21.3,40.1,0.0,WNW,50.0,N,NNW,15.0,15.0,13.0,9,1016.3,1011.6,,6.0,33.4,38.6,No,No
24.3,40.7,0.0,NW,44.0,W,NNW,24.0,22.0,11.0,8,1014.8,1009.8,8.0,1.0,33.1,39.2,No,No
21.8,31.0,0.0,SSE,48.0,SE,E,24.0,17.0,35.0,20,1016.9,1014.4,6.0,,23.1,30.4,No,No
19.7,35.1,0.0,E,48.0,E,E,31.0,19.0,20.0,13,1017.0,1013.4,,,26.5,33.4,No,No
20.0,38.1,0.0,ENE,39.0,ENE,SW,22.0,9.0,14.0,9,1015.7,1010.9,,5.0,29.3,36.7,No,No
26.4,33.9,0.0,S,61.0,SSE,ENE,24.0,24.0,20.0,22,1014.1,1009.7,5.0,3.0,29.4,32.2,No,No
20.8,36.9,0.0,WSW,78.0,NE,NW,20.0,26.0,43.0,19,1009.7,1006.9,8.0,4.0,25.5,35.2,No,No
17.2,31.6,0.2,SE,50.0,SSE,ESE,22.0,20.0,57.0,31,1015.8,1011.3,,,20.4,30.3,No,No
18.2,33.2,0.0,E,46.0,E,ENE,28.0,17.0,27.0,19,1017.5,1013.2,,,24.7,31.4,No,No
18.1,38.9,0.0,WSW,85.0,NE,NNW,15.0,9.0,19.0,13,1015.7,1010.2,,2.0,27.4,38.4,No,No
18.3,37.3,0.8,SE,50.0,,S,0.0,15.0,55.0,15,1016.7,1012.2,,,24.8,36.3,No,No
20.7,36.9,0.0,E,41.0,E,WSW,24.0,15.0,22.0,10,1018.3,1012.9,,,28.7,36.4,No,No
19.3,39.2,0.0,N,41.0,ENE,NNW,28.0,13.0,17.0,9,1015.0,1008.6,,,28.7,38.5,No,No
18.2,41.5,0.0,NNW,48.0,N,WNW,17.0,22.0,12.0,9,1011.1,1007.5,,,32.7,39.8,No,No
25.6,38.2,0.0,SW,43.0,SSE,SSE,26.0,17.0,30.0,17,1015.2,1012.0,,3.0,30.2,36.2,No,No
24.6,34.9,0.0,S,48.0,ESE,ENE,22.0,30.0,30.0,20,1017.6,1015.0,3.0,6.0,26.5,33.0,No,No
20.7,37.9,0.0,E,48.0,E,E,28.0,22.0,11.0,9,1017.2,1012.7,,,29.0,37.2,No,No
23.0,39.8,0.0,E,44.0,ENE,ESE,30.0,11.0,9.0,7,1014.3,1009.4,,,29.6,39.3,No,No
19.6,41.5,0.0,ENE,41.0,E,ESE,24.0,13.0,6.0,5,1012.0,1006.4,,,31.3,40.7,No,No
23.4,43.0,0.0,NW,85.0,NNE,NW,19.0,33.0,6.0,9,1007.2,1002.4,,1.0,35.6,41.5,No,Yes
20.9,23.5,2.8,SSW,44.0,WNW,,11.0,0.0,84.0,81,1012.7,1013.0,8.0,7.0,22.2,22.5,Yes,Yes
18.8,27.7,3.2,SSW,37.0,S,SSE,22.0,15.0,60.0,43,1015.8,1013.8,7.0,7.0,19.3,25.6,Yes,No
16.2,26.6,0.2,E,35.0,E,ENE,22.0,13.0,45.0,34,1017.1,1014.3,8.0,8.0,20.5,25.9,No,No
16.5,33.5,0.0,NNE,39.0,E,SE,20.0,15.0,30.0,15,1016.4,1012.0,1.0,2.0,24.9,32.2,No,No
17.6,36.2,0.4,ENE,31.0,E,N,19.0,15.0,44.0,25,1016.5,1012.0,,,24.9,33.2,No,No
20.0,40.0,0.0,SSW,56.0,ENE,ENE,13.0,7.0,24.0,15,1014.7,1008.5,,8.0,30.0,37.4,No,No
24.2,39.0,0.0,SSW,52.0,ESE,N,15.0,13.0,46.0,22,1012.1,1007.0,,1.0,28.5,36.6,No,No
21.4,42.4,0.0,WNW,54.0,NNE,WNW,13.0,30.0,40.0,12,1009.6,1004.5,,1.0,31.3,40.5,No,No
21.2,42.1,0.0,W,76.0,NNW,WNW,37.0,22.0,28.0,14,1009.1,1004.7,1.0,3.0,33.3,39.5,No,Yes
20.4,40.1,1.2,WNW,54.0,N,SW,13.0,28.0,39.0,14,1009.4,1006.1,,8.0,30.9,39.1,Yes,No
23.0,38.7,0.0,SSE,41.0,N,SSE,11.0,28.0,25.0,16,1011.4,1008.8,,,32.0,38.0,No,No
23.9,35.3,0.0,E,46.0,ESE,ENE,30.0,20.0,24.0,20,1015.8,1012.1,1.0,,27.2,32.9,No,No
19.5,36.2,0.0,E,44.0,E,ESE,30.0,24.0,21.0,11,1015.2,1010.8,,,27.6,34.9,No,No
18.3,37.4,0.0,ENE,43.0,ENE,ENE,26.0,9.0,9.0,10,1014.6,1010.4,,2.0,29.7,35.7,No,No
20.5,37.7,0.0,WNW,37.0,E,N,24.0,11.0,13.0,11,1013.4,1008.1,,,29.1,36.7,No,No
23.9,41.0,0.0,SSW,50.0,NE,WSW,20.0,13.0,8.0,12,1007.7,1002.9,,2.0,34.0,39.3,No,No
21.4,41.2,0.6,S,52.0,ESE,NNW,9.0,19.0,22.0,12,1005.9,1001.2,4.0,4.0,34.2,39.8,No,No
22.6,40.1,0.0,WSW,65.0,NE,N,19.0,20.0,29.0,13,1007.3,1001.6,,,31.9,38.7,No,No
24.4,41.8,0.0,NNW,52.0,NNE,NW,15.0,26.0,33.0,17,1004.3,1000.2,2.0,1.0,30.9,40.2,No,No
23.2,43.3,0.0,NNW,41.0,E,W,17.0,22.0,46.0,13,1007.3,1002.6,,5.0,30.6,40.7,No,No
25.9,42.1,0.0,E,50.0,ENE,SSW,13.0,13.0,42.0,17,1010.3,1005.6,,4.0,31.3,40.2,No,No
26.2,43.3,0.0,E,70.0,NNE,NNW,19.0,26.0,32.0,19,1007.9,1002.1,,,34.7,39.9,No,No
24.8,42.6,0.0,SSE,56.0,NE,NW,33.0,20.0,18.0,17,1006.0,999.2,,4.0,32.8,42.3,No,Yes
22.0,41.8,5.8,WSW,61.0,E,WSW,11.0,31.0,56.0,14,1002.5,998.3,,1.0,28.1,40.2,Yes,No
25.0,42.3,0.0,WNW,44.0,E,SW,15.0,22.0,39.0,12,1005.2,1002.3,,,29.7,40.2,No,No
26.0,43.8,0.0,SSW,69.0,NW,NW,19.0,24.0,31.0,14,1007.4,1004.1,,,33.1,42.2,No,No
25.0,39.7,0.2,SSW,91.0,NNE,NW,22.0,17.0,45.0,25,1008.8,1005.2,8.0,8.0,30.1,37.9,No,Yes
20.2,37.7,18.4,S,39.0,SSW,S,24.0,20.0,50.0,25,1010.4,1007.0,,,25.7,35.2,Yes,No
18.6,38.7,0.2,E,41.0,ESE,SW,26.0,20.0,28.0,8,1011.7,1007.0,,,29.2,36.8,No,No
18.4,41.4,0.0,SSE,46.0,NE,SSW,22.0,15.0,18.0,7,1010.0,1005.1,,,31.2,39.7,No,No
21.4,44.0,0.0,NNW,41.0,N,W,17.0,20.0,13.0,7,1007.8,1003.0,1.0,1.0,33.8,42.6,No,No
27.3,42.9,0.0,SSW,87.0,S,W,9.0,17.0,23.0,14,1006.1,1001.9,1.0,1.0,34.6,39.7,No,No
24.4,41.3,0.0,W,59.0,N,S,20.0,11.0,52.0,19,1007.0,1003.0,,,28.1,39.2,No,Yes
23.2,38.7,1.6,S,74.0,WNW,NW,17.0,26.0,60.0,23,1008.1,1003.2,1.0,,28.4,37.1,Yes,Yes
20.1,35.2,12.8,SSE,54.0,N,SSE,11.0,7.0,76.0,41,1010.3,1008.6,1.0,5.0,24.1,33.7,Yes,No
22.7,37.7,0.0,SE,35.0,ESE,W,20.0,6.0,36.0,23,1013.7,1010.5,,,29.2,36.4,No,No
26.3,39.3,0.0,WSW,52.0,ENE,NNW,17.0,22.0,27.0,18,1011.5,1006.1,3.0,7.0,32.2,39.0,No,Yes
22.1,37.1,3.8,WNW,52.0,SSW,NW,4.0,24.0,75.0,35,1009.2,1005.6,7.0,8.0,25.5,33.9,Yes,Yes
21.2,37.9,1.8,SSW,69.0,ENE,SW,11.0,28.0,58.0,27,1007.5,1003.9,,8.0,27.1,36.7,Yes,No
23.8,33.9,1.0,ESE,46.0,SE,SE,22.0,17.0,53.0,37,1011.6,1008.5,8.0,8.0,26.3,32.6,No,Yes
21.8,32.3,2.0,NE,41.0,ESE,ENE,24.0,22.0,33.0,30,1012.1,1009.1,8.0,,26.6,30.9,Yes,No
18.6,34.9,0.0,SSE,44.0,SE,SSE,20.0,30.0,40.0,17,1011.8,1007.8,,1.0,26.5,33.5,No,No
18.0,32.1,0.0,SE,44.0,ESE,SSE,28.0,26.0,27.0,20,1013.0,1009.3,,,24.2,30.2,No,No
16.9,33.2,0.0,SSE,43.0,ESE,SSE,24.0,26.0,22.0,13,1014.1,1009.8,,,23.7,31.8,No,No
15.1,36.8,0.0,NE,31.0,ENE,SW,19.0,20.0,16.0,8,1012.6,1007.6,,,28.9,34.8,No,No
17.3,37.8,0.0,ESE,39.0,ESE,SSE,26.0,9.0,15.0,8,1011.9,1008.0,,,29.7,35.7,No,No
20.1,38.5,0.0,ESE,43.0,ESE,SSW,28.0,17.0,22.0,9,1014.0,1009.2,,,29.8,37.2,No,No
22.5,39.6,0.0,WNW,76.0,ENE,SSW,30.0,13.0,16.0,9,1012.1,1006.2,,,30.1,37.4,No,No
22.6,42.0,0.0,SSW,61.0,NW,N,30.0,11.0,21.0,12,1007.8,1002.3,7.0,,33.1,39.3,No,Yes
21.6,42.4,2.2,N,41.0,NNW,ENE,17.0,20.0,23.0,10,1006.6,1002.7,,6.0,33.6,40.3,Yes,No
23.5,39.8,0.0,SSE,52.0,NNW,NW,24.0,11.0,23.0,16,1008.1,1003.9,,8.0,32.9,38.6,No,No
27.3,36.1,0.0,E,41.0,SE,ESE,24.0,26.0,26.0,20,1008.4,1005.6,,,30.9,35.0,No,No
26.1,38.8,0.0,E,65.0,E,ESE,28.0,30.0,36.0,28,1007.2,1003.9,,,32.2,37.0,No,No
26.5,34.5,0.0,ESE,54.0,E,E,31.0,33.0,51.0,33,1006.9,1003.0,,8.0,29.5,33.9,No,No
24.1,28.5,0.4,E,41.0,ESE,SE,26.0,19.0,79.0,74,1004.8,1002.2,8.0,8.0,24.9,26.8,No,Yes
22.4,25.7,1.8,ENE,35.0,E,SSE,17.0,11.0,86.0,90,1003.1,1000.1,8.0,8.0,24.4,24.9,Yes,Yes
22.5,27.1,7.2,S,48.0,S,SSE,19.0,19.0,85.0,97,999.2,997.4,7.0,6.0,24.6,22.8,Yes,Yes
16.0,20.8,8.6,S,50.0,S,S,28.0,22.0,89.0,76,1001.8,1002.0,8.0,8.0,16.4,20.1,Yes,Yes
15.9,27.3,6.0,S,35.0,S,SE,22.0,19.0,80.0,52,1006.9,1004.1,8.0,8.0,19.1,26.3,Yes,No
18.0,34.6,0.0,SW,39.0,E,SW,2.0,17.0,64.0,32,1006.7,1003.1,,1.0,24.6,33.2,No,No
22.2,36.7,0.0,SSW,35.0,SE,WNW,17.0,20.0,43.0,26,1008.6,1005.1,1.0,,27.9,35.1,No,No
19.8,36.4,0.0,SSE,41.0,ESE,SSE,26.0,13.0,29.0,16,1010.3,1006.6,,,27.9,34.8,No,No
19.7,36.5,0.0,SE,44.0,E,ESE,20.0,20.0,29.0,14,1010.6,1006.3,,,28.4,35.2,No,No
19.9,39.3,0.0,E,48.0,ENE,E,24.0,24.0,24.0,9,1010.4,1007.0,,,29.7,37.4,No,No
20.0,40.3,0.0,NE,39.0,SSE,ENE,19.0,15.0,17.0,10,1010.9,1007.6,,,32.6,38.3,No,No
21.0,40.4,0.0,NE,39.0,E,NNE,13.0,11.0,23.0,10,1011.7,1008.1,,,32.0,39.2,No,No
21.2,41.8,0.0,NNW,44.0,NW,NW,26.0,17.0,45.0,14,1009.8,1005.4,,1.0,31.6,41.4,No,No
28.6,43.7,0.0,WSW,48.0,WSW,SSW,31.0,26.0,27.0,8,1007.2,1005.3,,,36.4,42.2,No,No
24.1,40.5,0.0,SW,52.0,S,SSW,22.0,26.0,33.0,16,1009.8,1006.1,,,29.7,39.2,No,No
21.1,39.6,0.0,SSE,39.0,E,SE,19.0,13.0,22.0,12,1008.5,1003.8,,,27.6,37.1,No,No
21.0,41.5,0.0,E,39.0,NE,S,15.0,9.0,23.0,11,1007.1,1002.9,,,32.6,39.7,No,No
23.4,41.9,0.0,WNW,48.0,E,W,24.0,19.0,22.0,13,1005.8,1002.7,2.0,4.0,33.7,39.5,No,No
25.2,39.1,0.0,E,50.0,E,SE,35.0,11.0,15.0,15,1009.1,1006.0,,4.0,30.4,37.6,No,No
25.2,37.2,0.0,E,43.0,E,E,30.0,20.0,24.0,19,1010.7,1006.2,1.0,1.0,28.4,34.6,No,No
23.8,33.0,0.0,NE,43.0,E,ENE,28.0,24.0,19.0,21,1010.2,1007.1,3.0,8.0,28.4,31.4,No,No
19.2,35.4,0.0,E,46.0,E,E,30.0,15.0,22.0,11,1009.7,1005.9,,,27.2,34.0,No,No
15.5,35.5,0.0,E,44.0,ENE,SE,22.0,9.0,21.0,9,1010.0,1006.6,,,26.8,34.1,No,No
14.4,37.9,0.0,SSE,48.0,ENE,SW,13.0,13.0,17.0,8,1009.7,1005.6,,,28.7,36.5,No,No
20.2,40.5,0.0,SW,41.0,E,SE,6.0,15.0,17.0,9,1008.3,1005.1,7.0,1.0,29.9,38.7,No,No
22.9,40.9,0.0,SE,41.0,ESE,SSE,13.0,17.0,16.0,9,1009.7,1006.6,,6.0,32.1,39.1,No,No
23.7,36.8,0.0,E,56.0,E,E,35.0,22.0,17.0,12,1015.0,1011.8,,,27.4,34.4,No,No
17.9,35.1,0.0,ENE,50.0,E,SE,31.0,20.0,17.0,7,1016.2,1012.3,,,26.4,33.2,No,No
18.2,36.3,0.0,ESE,57.0,E,E,20.0,13.0,21.0,11,1014.8,1010.7,,,28.3,35.1,No,No
18.3,37.1,0.0,E,44.0,ENE,ESE,15.0,19.0,19.0,9,1012.8,1009.4,,,28.9,35.9,No,No
18.4,39.3,0.0,SE,43.0,NE,N,26.0,11.0,19.0,9,1013.7,1009.8,,,30.7,38.1,No,No
19.7,41.3,0.0,E,33.0,NE,E,15.0,19.0,23.0,10,1014.6,1011.3,,5.0,32.0,39.5,No,No
21.8,42.4,0.0,ESE,46.0,E,ESE,15.0,13.0,22.0,11,1015.9,1012.4,,5.0,33.8,40.4,No,No
24.0,42.2,0.0,ENE,57.0,ENE,ENE,20.0,30.0,18.0,10,1017.4,1012.7,,,33.8,40.5,No,No
22.1,42.7,0.0,E,65.0,E,ENE,13.0,31.0,16.0,9,1015.7,1011.5,,3.0,33.7,41.7,No,No
22.8,42.6,0.0,SE,44.0,ESE,S,15.0,33.0,15.0,9,1013.8,1008.8,,4.0,34.0,40.8,No,No
23.3,41.1,0.0,E,48.0,E,SSE,19.0,13.0,10.0,6,1013.8,1008.6,,,32.5,39.4,No,No
24.5,41.6,0.0,ENE,46.0,NNE,E,13.0,17.0,18.0,9,1012.2,1008.2,,1.0,33.7,39.5,No,No
26.6,41.8,0.0,ENE,43.0,ENE,ENE,28.0,17.0,17.0,10,1012.7,1008.3,,,34.5,40.3,No,No
23.5,42.4,0.0,ENE,48.0,ENE,ESE,24.0,24.0,19.0,10,1011.2,1008.0,,,34.5,40.3,No,No
24.5,42.1,0.0,NE,57.0,ESE,E,20.0,19.0,20.0,11,1012.5,1008.2,,,34.4,40.7,No,No
25.9,39.2,0.0,SE,44.0,ESE,E,24.0,6.0,28.0,17,1012.8,1009.3,7.0,4.0,30.6,37.5,No,No
25.1,39.6,0.0,SE,52.0,SSE,SSE,11.0,7.0,34.0,15,1012.6,1007.0,8.0,,30.6,38.0,No,No
25.6,39.4,0.0,ENE,43.0,ENE,WSW,24.0,11.0,14.0,10,1010.2,1006.1,8.0,,31.1,38.4,No,No
23.6,40.7,0.0,ENE,44.0,ENE,ESE,31.0,17.0,21.0,10,1007.9,1004.0,,1.0,31.3,38.2,No,No
24.0,39.6,0.0,ENE,50.0,ENE,ENE,35.0,20.0,26.0,13,1006.9,1003.1,,1.0,31.1,38.5,No,No
24.4,33.6,0.0,SSE,50.0,E,S,13.0,19.0,26.0,40,1007.3,1006.3,8.0,7.0,29.4,30.9,No,Yes
20.5,35.9,5.0,SSE,52.0,SE,SE,9.0,20.0,71.0,29,1012.9,1009.1,7.0,8.0,23.4,33.9,Yes,No
20.9,37.0,0.2,E,46.0,SE,E,15.0,22.0,38.0,20,1014.7,1009.9,2.0,1.0,26.6,35.5,No,No
21.2,39.1,0.0,E,39.0,E,ENE,26.0,13.0,23.0,20,1012.4,1007.2,,,29.1,36.8,No,No
24.2,41.9,0.0,SE,41.0,E,NNW,19.0,7.0,19.0,16,1008.8,1003.6,6.0,3.0,32.6,40.2,No,No
24.9,42.2,0.0,SW,48.0,ENE,N,20.0,20.0,20.0,19,1005.9,1001.5,7.0,2.0,33.4,40.2,No,No
26.6,40.6,0.2,SW,46.0,SSE,SSW,2.0,24.0,28.0,26,1004.9,1003.0,,1.0,33.7,39.5,No,No
25.6,37.0,0.2,ESE,54.0,ESE,E,26.0,26.0,49.0,25,1009.1,1006.6,8.0,8.0,27.5,35.2,No,No
27.5,40.3,0.0,E,39.0,E,NNW,28.0,11.0,28.0,16,1008.5,1004.5,7.0,8.0,29.7,38.6,No,No
26.9,42.5,0.0,E,56.0,ESE,ENE,20.0,20.0,21.0,12,1009.7,1006.6,,,32.7,41.8,No,No
25.6,41.2,0.0,E,52.0,ESE,ENE,24.0,22.0,18.0,12,1013.5,1009.1,,,31.0,39.8,No,No
25.0,37.2,0.0,SE,50.0,ESE,E,28.0,24.0,34.0,17,1017.0,1012.3,,,27.0,34.9,No,No
23.0,33.3,0.0,E,41.0,E,SE,28.0,20.0,31.0,19,1015.4,1010.9,8.0,5.0,24.7,31.3,No,No
22.4,32.4,0.0,E,37.0,ESE,ESE,19.0,11.0,18.0,11,1013.3,1010.0,,8.0,25.0,30.5,No,No
18.5,35.1,0.0,ENE,31.0,ESE,SW,15.0,11.0,31.0,13,1013.9,1009.6,7.0,4.0,24.0,33.1,No,No
21.6,35.6,0.0,ENE,41.0,E,ENE,26.0,7.0,27.0,16,1013.0,1009.1,8.0,8.0,26.6,33.8,No,No
23.2,35.4,0.0,E,43.0,E,SSW,31.0,9.0,25.0,16,1013.8,1009.6,1.0,4.0,26.5,34.0,No,No
20.5,37.3,0.0,E,44.0,E,SW,24.0,11.0,23.0,14,1014.2,1010.6,,,28.3,36.1,No,No
20.9,35.7,0.0,SSE,48.0,ESE,SSE,28.0,28.0,20.0,9,1016.8,1012.1,,,26.3,34.1,No,No
18.7,35.1,0.0,ESE,48.0,ESE,ENE,30.0,13.0,24.0,11,1016.3,1011.4,,,25.9,33.5,No,No
19.5,36.6,0.0,E,41.0,E,E,26.0,19.0,22.0,11,1015.5,1010.9,,,27.3,34.8,No,No
15.6,38.9,0.0,ENE,39.0,E,SW,11.0,20.0,14.0,7,1013.9,1008.9,,,27.1,36.6,No,No
15.0,41.7,0.0,W,46.0,ESE,WSW,2.0,19.0,10.0,7,1010.6,1005.0,,,28.2,40.9,No,No
23.1,42.6,0.0,SSE,43.0,S,NNW,19.0,9.0,27.0,15,1006.2,1002.8,,1.0,33.7,40.4,No,No
23.4,42.3,0.0,E,37.0,E,S,26.0,6.0,24.0,15,1007.8,1004.3,,3.0,32.8,39.9,No,No
24.0,42.8,0.0,SSW,59.0,ESE,WNW,13.0,11.0,16.0,10,1009.7,1007.1,8.0,3.0,34.7,40.9,No,No
24.7,39.5,0.0,SSE,59.0,E,ESE,20.0,15.0,28.0,19,1016.3,1013.0,7.0,7.0,31.6,36.9,No,No
21.0,37.3,0.0,ENE,44.0,E,ENE,28.0,20.0,35.0,20,1018.1,1013.8,,,27.3,35.9,No,No
18.9,38.9,0.0,SSW,57.0,E,ESE,22.0,9.0,23.0,16,1015.4,1010.2,,,27.9,37.5,No,No
22.1,30.7,0.0,S,44.0,S,S,33.0,20.0,66.0,35,1016.0,1013.6,6.0,8.0,22.5,29.8,No,No
19.1,29.1,0.0,E,43.0,ESE,ESE,28.0,19.0,36.0,28,1018.9,1014.9,,7.0,20.8,27.6,No,No
20.4,25.5,0.0,ESE,33.0,ESE,ESE,13.0,15.0,27.0,24,1019.8,1017.3,8.0,7.0,21.3,25.0,No,No
18.7,29.5,0.0,E,46.0,ESE,ESE,26.0,22.0,27.0,20,1022.9,1019.7,5.0,8.0,21.1,28.3,No,No
17.9,31.3,0.0,E,46.0,E,E,28.0,22.0,27.0,16,1022.9,1017.4,,,21.0,29.6,No,No
17.5,30.8,0.0,ENE,37.0,ENE,SE,26.0,7.0,21.0,13,1019.6,1015.1,,7.0,22.0,30.1,No,No
21.1,27.7,0.0,NE,35.0,NE,NE,24.0,19.0,21.0,36,1019.8,1017.7,8.0,7.0,23.9,26.7,No,No
15.5,33.9,0.0,NE,41.0,ESE,ESE,15.0,20.0,44.0,17,1021.0,1016.6,,,20.4,32.2,No,No
14.4,34.0,0.0,ENE,39.0,E,SE,19.0,17.0,32.0,15,1019.9,1014.2,,,23.5,32.8,No,No
15.9,35.8,0.0,S,43.0,ENE,E,17.0,6.0,23.0,12,1015.9,1012.8,,2.0,25.8,34.7,No,No
22.3,28.0,0.0,SSE,31.0,SSE,SE,19.0,11.0,53.0,40,1017.3,1014.8,7.0,8.0,23.4,27.4,No,No
17.5,34.3,0.6,E,46.0,E,WNW,22.0,9.0,67.0,25,1017.1,1012.5,8.0,2.0,21.9,33.0,No,No
20.9,33.2,0.2,SE,39.0,E,WNW,26.0,11.0,54.0,26,1015.8,1011.5,8.0,8.0,24.1,32.9,No,No
20.8,31.8,0.0,S,44.0,SE,SW,24.0,9.0,52.0,28,1014.9,1011.2,1.0,4.0,22.8,30.8,No,No
12.1,26.9,0.0,SSE,46.0,SE,SE,24.0,24.0,45.0,24,1018.1,1014.3,,,18.9,25.1,No,No
12.2,24.8,0.0,ESE,44.0,ESE,SE,28.0,22.0,45.0,21,1022.4,1018.7,,,15.9,23.1,No,No
9.1,26.1,0.0,E,44.0,E,ESE,24.0,24.0,31.0,14,1024.0,1018.4,,,16.2,24.9,No,No
10.7,26.8,0.0,ENE,41.0,ENE,SE,28.0,11.0,41.0,19,1022.1,1016.9,,,16.6,25.3,No,No
11.8,28.3,0.0,E,35.0,ENE,E,26.0,19.0,25.0,11,1020.3,1015.9,,,18.8,26.8,No,No
11.9,30.5,0.0,NE,31.0,ENE,NE,19.0,17.0,22.0,10,1018.4,1013.4,,,20.2,30.2,No,No
11.8,33.6,0.0,NNW,22.0,ESE,SW,9.0,2.0,20.0,8,1016.3,1011.5,,,20.3,32.2,No,No
13.5,36.5,0.0,WNW,41.0,ESE,NNW,9.0,15.0,17.0,8,1014.3,1009.2,,,23.0,35.7,No,No
14.4,37.7,0.0,N,41.0,NE,NW,6.0,11.0,18.0,9,1012.9,1009.8,,1.0,24.8,36.6,No,No
19.7,37.8,0.0,ESE,33.0,SE,WSW,17.0,6.0,33.0,13,1016.5,1013.4,,1.0,26.4,36.7,No,No
22.8,27.3,0.0,SSW,48.0,S,S,30.0,31.0,38.0,43,1017.6,1017.3,,7.0,25.3,25.3,No,No
14.4,25.8,0.0,S,39.0,SSE,ESE,15.0,13.0,62.0,42,1019.1,1015.1,,4.0,19.4,25.4,No,No
12.3,27.5,0.0,E,39.0,ESE,ESE,15.0,17.0,65.0,28,1020.6,1017.1,,,16.0,26.5,No,No
13.8,23.8,0.0,ESE,50.0,ESE,ESE,30.0,24.0,48.0,27,1025.5,1022.8,4.0,,17.7,23.2,No,No
12.4,21.4,0.0,E,57.0,ESE,E,35.0,33.0,42.0,21,1027.6,1023.7,,,14.6,20.3,No,No
10.8,22.9,0.0,E,57.0,E,ESE,35.0,26.0,32.0,13,1025.6,1020.1,2.0,,12.9,21.4,No,No
12.9,22.6,0.0,E,39.0,E,E,22.0,19.0,34.0,20,1021.1,1017.1,,8.0,15.1,21.9,No,No
15.1,23.1,0.0,SE,52.0,S,E,6.0,9.0,23.0,28,1018.2,1015.3,8.0,,18.7,20.8,No,No
10.0,26.2,0.4,SSW,39.0,SSE,S,15.0,22.0,29.0,20,1017.4,1014.7,,,18.4,25.1,No,No
4.4,22.5,0.0,SSE,39.0,SSE,SSE,22.0,15.0,52.0,25,1022.6,1018.3,,,13.1,20.8,No,No
8.7,23.4,0.0,ESE,33.0,ESE,ESE,20.0,13.0,51.0,25,1023.9,1019.6,,,14.3,22.4,No,No
9.5,23.1,0.0,E,43.0,ESE,ESE,26.0,17.0,50.0,28,1024.6,1020.8,,,13.8,22.1,No,No
9.0,22.2,0.0,E,46.0,E,ENE,26.0,24.0,47.0,28,1025.2,1020.5,,,14.4,20.6,No,No
7.1,21.8,0.0,E,41.0,E,ESE,24.0,19.0,42.0,23,1025.5,1020.5,,,13.0,20.3,No,No
6.3,21.9,0.0,E,37.0,E,ENE,20.0,19.0,38.0,19,1022.6,1019.5,,,13.3,21.0,No,No
4.8,25.3,0.0,ENE,28.0,E,SSW,11.0,6.0,31.0,9,1021.4,1017.8,,,13.3,24.0,No,No
11.4,27.6,0.0,ESE,30.0,SE,NE,11.0,9.0,18.0,8,1020.1,1016.6,7.0,,16.9,26.9,No,No
11.0,29.9,0.0,ENE,24.0,E,NNW,17.0,11.0,17.0,7,1019.6,1014.6,7.0,,18.6,29.1,No,No
10.5,33.7,0.0,SSW,44.0,E,WNW,2.0,26.0,18.0,7,1015.7,1011.6,7.0,7.0,17.8,32.7,No,No
13.7,23.1,0.0,SSW,48.0,S,SE,19.0,20.0,27.0,15,1021.1,1017.4,,,15.7,22.0,No,No
6.8,23.3,0.0,ESE,46.0,ESE,ESE,26.0,24.0,53.0,24,1024.5,1021.0,,,13.5,22.3,No,No
8.7,23.7,0.0,ENE,50.0,ESE,E,24.0,28.0,46.0,23,1027.4,1023.6,,,14.4,23.1,No,No
8.9,23.2,0.0,E,46.0,E,ENE,26.0,19.0,52.0,27,1025.0,1020.7,,,14.4,21.8,No,No
6.4,24.1,0.0,ESE,30.0,SE,SSE,13.0,17.0,41.0,23,1023.7,1020.0,,,13.6,22.9,No,No
6.5,24.6,0.0,SE,31.0,SE,ESE,19.0,17.0,42.0,21,1024.3,1021.2,,,15.1,23.8,No,No
3.3,25.2,0.0,E,46.0,ESE,ESE,19.0,17.0,48.0,24,1025.2,1021.1,,,14.6,24.1,No,No
10.6,25.2,0.0,SSE,37.0,ESE,SSE,17.0,9.0,59.0,31,1024.1,1020.9,,1.0,16.6,23.7,No,No
8.3,20.8,0.0,E,54.0,ESE,ESE,24.0,33.0,53.0,29,1029.3,1027.1,,,14.4,19.6,No,No
4.9,18.3,0.0,E,59.0,ESE,E,30.0,28.0,46.0,20,1033.3,1029.8,,,10.2,17.3,No,No
3.4,18.3,0.0,E,54.0,ESE,E,24.0,28.0,52.0,24,1032.1,1027.2,,,9.4,17.5,No,No
2.4,19.7,0.0,E,54.0,ESE,E,20.0,24.0,56.0,24,1027.6,1022.5,,,9.1,18.7,No,No
3.5,23.3,0.0,ENE,39.0,E,NE,19.0,15.0,49.0,23,1024.1,1018.6,,,11.4,22.2,No,No
7.3,28.1,0.0,NW,39.0,ENE,NNW,11.0,13.0,48.0,15,1019.6,1015.4,5.0,2.0,16.0,27.3,No,No
9.7,27.1,0.0,NE,28.0,,WSW,0.0,17.0,36.0,20,1018.9,1015.9,7.0,1.0,16.8,25.5,No,No
14.8,24.6,0.0,SSE,35.0,ESE,SSW,9.0,13.0,57.0,32,1021.6,1019.1,8.0,1.0,16.6,23.5,No,No
7.1,19.4,0.0,SE,39.0,ESE,ESE,20.0,22.0,62.0,26,1028.2,1024.4,,,11.1,18.6,No,No
3.7,17.2,0.0,E,67.0,ESE,E,20.0,20.0,55.0,32,1028.1,1024.8,,8.0,8.7,15.8,No,No
4.5,20.3,0.0,ENE,39.0,ENE,NE,20.0,11.0,53.0,24,1025.7,1021.3,4.0,3.0,9.7,20.0,No,No
9.6,21.1,0.0,E,26.0,ESE,S,15.0,4.0,36.0,23,1023.2,1020.9,8.0,8.0,14.2,20.3,No,No
11.9,19.7,0.8,E,22.0,SE,SSE,13.0,9.0,82.0,46,1024.1,1022.1,8.0,8.0,12.9,19.1,No,No
12.6,27.1,0.4,ENE,28.0,SE,ESE,11.0,2.0,67.0,31,1024.3,1019.5,7.0,,15.8,26.1,No,No
15.3,27.9,0.2,E,35.0,SE,NNE,17.0,9.0,53.0,29,1021.1,1016.5,6.0,5.0,18.5,27.1,No,Yes
15.6,24.5,3.2,ENE,26.0,S,ESE,11.0,13.0,90.0,49,1020.1,1017.1,7.0,7.0,16.8,23.6,Yes,No
16.5,23.4,0.0,SSE,46.0,S,SSE,11.0,19.0,88.0,59,1021.1,1018.2,8.0,8.0,16.8,21.4,No,No
14.9,16.8,0.6,S,26.0,SSW,ESE,9.0,15.0,98.0,100,1022.9,1019.1,8.0,8.0,15.2,15.4,No,Yes
12.0,17.3,10.4,E,33.0,SE,ESE,17.0,19.0,94.0,67,1022.0,1020.1,8.0,8.0,12.5,16.8,Yes,No
12.5,18.5,0.0,E,41.0,E,E,22.0,24.0,73.0,55,1023.9,1022.3,8.0,,13.5,17.5,No,No
9.5,23.6,0.0,E,30.0,ESE,ENE,17.0,20.0,61.0,36,1024.9,1019.0,4.0,,12.4,22.6,No,No
10.9,26.2,0.0,W,35.0,ESE,W,9.0,20.0,59.0,35,1021.0,1019.2,1.0,2.0,14.8,25.2,No,No
8.8,24.9,0.0,SE,31.0,SSE,SE,11.0,19.0,74.0,32,1025.2,1022.8,,,14.7,24.2,No,No
9.7,24.8,0.0,ENE,43.0,ESE,E,17.0,24.0,64.0,28,1027.3,1024.2,,,15.0,23.8,No,No
8.6,23.1,0.0,ENE,39.0,E,E,19.0,24.0,62.0,21,1027.0,1022.4,,1.0,13.2,21.8,No,No
7.1,22.4,0.0,SE,24.0,SSE,ESE,11.0,11.0,54.0,22,1025.4,1021.8,,1.0,11.6,21.5,No,No
3.7,22.5,0.0,SE,24.0,S,SE,9.0,11.0,53.0,21,1024.8,1021.3,,,11.0,22.1,No,No
7.7,22.9,0.0,SE,43.0,ESE,E,15.0,24.0,47.0,22,1026.8,1023.5,,2.0,12.5,22.2,No,No
10.9,18.3,0.0,ESE,44.0,ESE,E,22.0,26.0,73.0,44,1027.9,1024.9,3.0,1.0,12.8,17.7,No,No
6.9,20.2,0.0,E,41.0,ESE,ESE,20.0,20.0,74.0,38,1027.1,1022.9,,,11.8,19.6,No,No
6.0,22.1,0.0,E,28.0,ESE,E,13.0,11.0,67.0,35,1024.0,1019.5,,,10.3,21.0,No,No
9.2,24.5,0.0,NE,24.0,SE,NNE,11.0,6.0,65.0,36,1021.2,1016.9,,3.0,12.7,23.8,No,No
9.3,24.8,0.0,ENE,33.0,ESE,ENE,13.0,9.0,72.0,35,1019.3,1015.9,,1.0,15.2,24.3,No,No
10.0,25.6,0.0,WNW,26.0,ESE,WSW,15.0,11.0,83.0,31,1018.9,1015.9,,,13.7,24.6,No,No
9.0,23.7,0.0,S,39.0,ESE,SSE,9.0,20.0,64.0,37,1019.6,1017.0,1.0,3.0,15.2,22.5,No,No
6.2,20.4,0.0,ENE,31.0,ESE,S,17.0,9.0,76.0,39,1022.3,1019.3,,,11.2,19.3,No,No
4.6,19.8,0.0,ENE,33.0,E,SSE,11.0,11.0,81.0,37,1023.0,1020.8,,,9.3,19.4,No,No
5.0,20.3,0.0,E,33.0,E,ESE,19.0,15.0,66.0,36,1025.1,1021.3,,,10.2,19.2,No,No
5.4,21.3,0.0,ENE,26.0,SE,SE,9.0,9.0,68.0,32,1025.1,1021.1,,,10.4,20.1,No,No
6.6,25.1,0.0,NE,24.0,ESE,NE,13.0,11.0,60.0,24,1022.3,1018.0,,,11.3,23.8,No,No
4.5,27.3,0.0,NW,39.0,SE,NW,2.0,22.0,41.0,16,1019.0,1015.3,,,12.3,26.6,No,No
6.7,22.5,0.0,SSW,39.0,S,W,19.0,17.0,51.0,28,1020.8,1019.6,,,12.9,22.4,No,No
7.7,18.2,0.0,SE,35.0,SSE,ESE,22.0,20.0,76.0,36,1028.7,1027.0,8.0,,9.6,17.2,No,No
4.1,17.9,0.0,E,46.0,ESE,ESE,20.0,20.0,71.0,40,1031.7,1028.2,,,8.7,16.7,No,No
3.8,18.3,0.0,E,39.0,ESE,E,19.0,20.0,73.0,37,1031.5,1027.6,,,8.8,17.2,No,No
2.5,17.1,0.0,E,41.0,ESE,ESE,17.0,15.0,69.0,40,1029.9,1026.0,,,7.0,15.7,No,No
4.5,19.6,0.0,ENE,35.0,ESE,E,15.0,7.0,69.0,39,1028.7,1025.0,,3.0,8.9,18.0,No,No
7.6,22.0,0.0,ESE,33.0,SE,ESE,20.0,15.0,67.0,37,1027.2,1023.8,6.0,7.0,11.7,21.5,No,No
6.8,21.1,0.0,ESE,35.0,ESE,ESE,11.0,15.0,81.0,35,1028.6,1025.2,3.0,,10.6,20.2,No,No
5.9,21.0,0.0,E,30.0,E,ESE,15.0,7.0,70.0,32,1030.1,1025.9,,,10.5,20.4,No,No
5.0,20.7,0.0,ENE,31.0,ESE,ESE,13.0,15.0,59.0,30,1029.1,1025.2,,,9.3,19.7,No,No
2.2,20.0,0.0,ENE,30.0,ESE,E,13.0,9.0,55.0,24,1026.7,1021.9,,,8.4,19.1,No,No
0.7,20.3,0.0,ESE,44.0,SSE,SE,9.0,17.0,54.0,23,1024.0,1020.0,,,7.7,19.7,No,No
1.9,22.0,0.0,SSW,19.0,SE,ESE,9.0,7.0,49.0,24,1022.9,1019.6,,,8.5,21.2,No,No
2.5,23.2,0.0,SE,24.0,SSE,N,9.0,9.0,50.0,23,1022.0,1019.0,,,11.0,22.4,No,No
4.1,21.9,0.0,E,35.0,ESE,E,17.0,9.0,58.0,26,1022.7,1019.3,,4.0,11.8,21.3,No,No
3.6,22.3,0.0,NE,33.0,ESE,ESE,9.0,13.0,47.0,20,1021.5,1017.2,,,10.7,21.4,No,No
5.6,24.8,0.0,N,52.0,E,NNW,7.0,26.0,47.0,20,1019.4,1015.7,2.0,6.0,10.9,23.7,No,No
4.2,18.9,0.0,S,37.0,SE,SSW,6.0,9.0,60.0,35,1022.7,1020.7,,,9.8,17.9,No,No
3.2,18.5,0.0,S,46.0,SSW,SSW,19.0,24.0,62.0,29,1026.2,1024.4,,,8.2,17.5,No,No
0.7,16.2,0.0,SE,35.0,SE,ESE,19.0,17.0,60.0,35,1030.0,1026.6,,,7.6,15.2,No,No
0.7,18.1,0.0,ESE,35.0,SSE,ESE,7.0,17.0,72.0,36,1030.1,1026.1,,,7.1,17.0,No,No
1.8,15.9,0.0,E,28.0,SSE,SSE,4.0,17.0,78.0,38,1027.7,1023.9,8.0,6.0,6.3,15.4,No,No
5.2,16.7,0.0,SE,39.0,SSE,ESE,13.0,15.0,75.0,39,1026.8,1024.0,,,10.5,16.0,No,No
2.1,16.7,0.0,ESE,39.0,ESE,E,20.0,13.0,54.0,33,1027.9,1024.5,7.0,,10.0,15.8,No,No
2.6,16.3,0.0,E,37.0,ESE,E,15.0,20.0,57.0,31,1029.0,1025.8,,,7.2,15.2,No,No
1.6,16.7,0.0,E,41.0,ESE,E,19.0,22.0,65.0,29,1029.3,1025.8,,,6.8,15.8,No,No
0.4,16.5,0.0,ENE,39.0,E,E,19.0,19.0,62.0,29,1029.0,1024.5,,,6.1,15.2,No,No
0.4,19.2,0.0,E,30.0,ESE,NE,13.0,13.0,51.0,13,1026.3,1021.2,,,5.8,18.3,No,No
0.3,22.6,0.0,NNW,46.0,,NNW,0.0,26.0,31.0,12,1021.2,1017.3,3.0,8.0,7.5,22.4,No,No
7.5,22.1,0.0,E,31.0,SE,NE,19.0,15.0,51.0,27,1021.9,1019.4,2.0,8.0,13.8,21.0,No,No
13.8,26.9,0.0,S,35.0,,NW,0.0,17.0,49.0,24,1019.1,1015.1,7.0,8.0,16.2,25.4,No,Yes
13.7,17.3,8.0,SSE,22.0,SSW,SE,9.0,11.0,92.0,67,1022.1,1020.5,8.0,7.0,14.1,16.9,Yes,Yes
11.9,15.4,1.2,ESE,22.0,ESE,E,13.0,17.0,73.0,83,1024.5,1022.6,8.0,8.0,12.6,15.1,Yes,No
11.7,16.1,0.0,S,30.0,SE,ESE,15.0,15.0,76.0,60,1028.5,1026.7,8.0,8.0,12.1,15.1,No,No
5.9,18.1,0.0,E,44.0,ESE,E,19.0,28.0,81.0,43,1033.4,1029.7,,,9.3,17.1,No,No
3.8,17.5,0.0,,,E,E,22.0,19.0,73.0,31,1033.1,1028.5,,,8.1,16.4,No,
2.0,21.2,,E,28.0,ESE,N,9.0,4.0,59.0,15,1028.6,1024.3,,,7.8,20.9,,No
4.4,26.4,0.0,ENE,19.0,SSE,NE,11.0,4.0,44.0,13,1026.2,1022.2,,,11.2,25.1,No,No
7.7,29.4,0.0,NNE,31.0,SSE,NE,7.0,17.0,40.0,16,1022.6,1017.6,,,15.1,28.5,No,No
6.1,28.8,0.0,NNW,46.0,NW,WNW,9.0,30.0,29.0,7,1018.5,1015.1,,,15.2,28.0,No,No
10.6,22.2,0.0,SE,41.0,SSE,SE,17.0,19.0,74.0,39,1023.1,1022.1,1.0,3.0,14.7,21.1,No,No
6.0,18.7,0.0,ESE,41.0,ESE,ESE,19.0,22.0,56.0,27,1029.3,1026.3,,,10.4,17.7,No,No
6.8,18.8,0.0,E,41.0,SE,ESE,22.0,20.0,55.0,29,1029.8,1025.7,,,10.8,18.1,No,No
4.0,18.4,0.0,E,41.0,ESE,SSE,19.0,20.0,60.0,31,1028.0,1023.8,,,9.6,17.1,No,No
3.8,19.7,0.0,E,44.0,ESE,E,17.0,20.0,51.0,26,1026.3,1022.3,,,9.8,18.5,No,No
3.2,21.3,0.0,E,31.0,E,ENE,13.0,15.0,54.0,22,1024.9,1021.1,,,10.6,19.9,No,No
4.3,24.3,0.0,N,35.0,ESE,N,13.0,17.0,51.0,14,1022.2,1017.0,,,10.5,23.3,No,No
3.7,27.8,0.0,WNW,46.0,,WNW,0.0,20.0,31.0,12,1018.7,1015.1,,,14.2,27.2,No,No
5.5,25.7,0.0,E,28.0,SE,NE,13.0,11.0,38.0,21,1021.5,1017.2,,,14.0,23.8,No,No
8.5,24.3,0.0,WSW,39.0,SW,W,11.0,22.0,28.0,8,1021.2,1017.8,7.0,,12.9,22.8,No,No
4.4,18.5,0.0,SSE,41.0,SSE,SE,13.0,19.0,54.0,27,1025.6,1022.9,,,9.8,17.5,No,No
2.7,21.0,0.0,E,35.0,E,ESE,19.0,17.0,54.0,26,1027.2,1022.9,,,10.6,19.5,No,No
2.5,23.0,0.0,E,35.0,ESE,E,11.0,19.0,48.0,20,1027.2,1023.8,,,11.5,21.7,No,No
6.1,23.0,0.0,E,41.0,E,ESE,17.0,17.0,49.0,23,1029.4,1025.7,,,13.5,22.2,No,No
5.9,23.0,0.0,SE,30.0,E,E,15.0,13.0,43.0,21,1028.4,1023.5,,,13.1,22.5,No,No
4.9,24.8,0.0,S,44.0,SE,SSE,7.0,17.0,35.0,16,1025.6,1021.6,,,13.7,24.1,No,No
5.3,25.8,0.0,NNE,24.0,E,NE,6.0,7.0,33.0,15,1023.0,1019.2,8.0,8.0,13.6,24.5,No,No
5.6,29.8,0.0,NW,37.0,,NNW,0.0,20.0,26.0,10,1020.3,1015.9,,,15.3,28.2,No,No
15.2,29.5,0.0,N,54.0,N,N,13.0,35.0,21.0,12,1017.6,1012.3,8.0,8.0,21.1,27.7,No,No
12.3,28.4,0.0,WSW,43.0,ESE,N,13.0,13.0,57.0,26,1016.6,1012.6,4.0,,18.4,26.7,No,No
11.6,31.8,0.0,NW,56.0,SE,NW,7.0,30.0,44.0,19,1015.3,1011.2,,1.0,18.0,30.8,No,No
13.5,25.3,0.0,W,46.0,SW,W,22.0,24.0,31.0,16,1017.8,1016.4,,,18.8,24.3,No,No
4.8,22.2,0.0,ESE,35.0,SE,E,15.0,13.0,59.0,24,1024.3,1019.8,,,12.5,21.4,No,No
8.9,19.0,0.0,E,44.0,E,ENE,28.0,26.0,54.0,44,1023.5,1020.2,,4.0,12.7,17.6,No,No
8.7,21.1,0.4,E,43.0,SE,ESE,22.0,22.0,77.0,47,1022.9,1018.8,1.0,8.0,12.4,19.7,No,No
8.9,22.3,0.0,ENE,43.0,E,ESE,26.0,24.0,64.0,35,1024.6,1020.1,,,12.9,21.2,No,No
12.7,20.9,0.0,E,46.0,ESE,SE,26.0,24.0,36.0,32,1023.6,1020.5,8.0,3.0,13.5,19.5,No,No
6.6,25.4,0.0,ENE,28.0,E,NE,17.0,6.0,36.0,27,1023.6,1019.0,,,14.2,24.3,No,No
9.5,28.8,0.0,SSW,44.0,E,WNW,19.0,11.0,29.0,17,1021.0,1016.7,,7.0,16.7,28.2,No,No
13.4,28.7,1.0,NW,57.0,ESE,NNW,9.0,19.0,65.0,29,1018.4,1013.1,4.0,7.0,17.0,27.3,No,No
15.1,29.9,0.4,WNW,50.0,W,WNW,13.0,31.0,68.0,18,1012.0,1007.2,7.0,2.0,19.5,28.6,No,No
8.1,21.5,0.2,SSW,54.0,SSW,SW,22.0,19.0,34.0,22,1019.6,1017.6,,,12.1,20.3,No,No
5.0,22.6,0.0,SE,31.0,SE,ESE,20.0,20.0,49.0,19,1024.2,1019.9,,,13.2,21.6,No,No
7.5,24.5,0.0,ENE,35.0,E,S,24.0,7.0,51.0,19,1024.2,1019.5,,,14.8,23.1,No,No
6.2,29.1,0.0,NE,22.0,ENE,ESE,13.0,6.0,38.0,14,1021.8,1016.2,,,16.1,27.3,No,No
8.5,31.7,0.0,S,43.0,ESE,W,6.0,13.0,27.0,12,1017.9,1015.1,,4.0,19.0,30.3,No,No
13.0,24.9,0.0,ESE,43.0,ESE,E,20.0,20.0,31.0,22,1024.5,1020.8,8.0,5.0,16.6,24.5,No,No
9.1,24.9,0.0,E,41.0,E,ESE,28.0,24.0,33.0,20,1026.8,1022.7,,,15.7,23.6,No,No
7.9,25.7,0.0,ENE,44.0,E,ENE,26.0,24.0,31.0,16,1028.6,1024.1,,,16.0,24.5,No,No
6.1,26.8,0.0,NE,44.0,ENE,NE,24.0,15.0,35.0,14,1028.9,1023.1,,,17.2,24.7,No,No
7.2,29.8,0.0,NNE,31.0,ENE,N,15.0,9.0,30.0,9,1024.8,1019.0,,,18.7,29.1,No,No
8.7,31.6,0.0,NNW,30.0,NE,W,6.0,6.0,17.0,8,1021.5,1016.9,,,20.4,30.8,No,No
7.9,33.1,0.0,NW,46.0,E,NW,7.0,28.0,13.0,6,1018.3,1013.4,,,20.9,31.9,No,No
11.2,29.8,0.0,WSW,35.0,S,NE,24.0,6.0,41.0,14,1018.0,1015.1,,,19.1,28.5,No,No
12.6,30.8,0.0,SSE,48.0,E,NW,26.0,6.0,33.0,14,1019.0,1014.6,3.0,4.0,19.4,29.2,No,No
12.1,27.8,0.0,ESE,37.0,SSE,SSE,24.0,13.0,28.0,17,1021.7,1018.2,4.0,3.0,17.8,26.6,No,No
10.9,26.5,0.0,ESE,43.0,ESE,SE,28.0,22.0,33.0,19,1024.9,1021.0,,6.0,16.7,24.8,No,No
13.5,26.9,0.0,E,41.0,E,SE,30.0,11.0,28.0,16,1024.6,1019.8,1.0,,18.4,26.1,No,No
9.2,29.4,0.0,E,28.0,E,NNE,20.0,7.0,21.0,10,1021.0,1015.8,,,19.5,27.6,No,No
8.4,31.8,0.0,SW,37.0,ESE,SE,11.0,13.0,17.0,9,1018.5,1014.6,,5.0,19.6,30.6,No,No
12.4,26.0,0.0,E,39.0,SSE,E,26.0,15.0,48.0,23,1024.1,1020.0,,,14.5,24.9,No,No
8.1,24.4,0.0,ESE,50.0,E,ESE,33.0,24.0,39.0,17,1027.0,1022.9,,,15.6,23.0,No,No
8.9,25.0,0.0,E,56.0,E,E,35.0,24.0,28.0,15,1027.5,1022.4,,,16.4,24.1,No,No
7.0,23.7,0.0,ENE,50.0,E,ENE,30.0,26.0,24.0,10,1026.4,1021.1,,,14.9,22.7,No,No
7.1,24.5,0.0,E,43.0,E,E,24.0,20.0,19.0,9,1024.9,1019.2,,,15.5,23.4,No,No
7.4,26.1,0.0,E,39.0,ENE,SE,24.0,17.0,18.0,9,1023.0,1018.3,,,17.0,24.5,No,No
7.3,27.3,0.0,SE,35.0,ENE,ESE,20.0,11.0,16.0,8,1021.3,1017.1,,,18.9,26.2,No,No
6.7,29.3,0.0,ENE,35.0,E,SE,15.0,9.0,16.0,8,1019.9,1015.8,,,21.0,27.3,No,No
8.3,31.5,0.0,ENE,39.0,SE,E,2.0,20.0,14.0,7,1020.1,1016.8,,,22.2,30.1,No,No
10.0,34.2,0.0,NE,41.0,,ENE,0.0,19.0,9.0,6,1022.7,1019.8,,,24.3,32.4,No,No
12.3,34.6,0.0,ESE,39.0,ESE,SSE,15.0,13.0,16.0,7,1026.9,1021.7,,,24.8,33.8,No,No
14.7,35.8,0.0,ENE,37.0,E,NE,17.0,9.0,13.0,6,1026.6,1021.7,,,26.9,34.1,No,No
12.5,34.7,0.0,NE,41.0,E,ESE,15.0,17.0,9.0,4,1025.8,1020.3,,,25.8,33.6,No,No
13.7,35.3,0.0,E,41.0,NE,E,15.0,22.0,13.0,8,1022.7,1017.7,,,27.4,34.5,No,No
13.9,34.2,0.0,NNE,48.0,NNE,N,9.0,20.0,11.0,6,1020.3,1013.7,,,26.0,33.0,No,No
12.2,36.6,0.0,S,52.0,SSW,S,6.0,13.0,10.0,5,1016.0,1012.7,,,25.6,35.8,No,No
16.0,33.2,0.0,ESE,44.0,ESE,E,31.0,20.0,35.0,17,1022.5,1017.6,,,20.6,31.9,No,No
18.4,35.7,0.0,ENE,46.0,E,SE,30.0,9.0,18.0,9,1022.6,1017.5,,,27.6,33.4,No,No
17.5,36.4,0.0,NE,46.0,ENE,ENE,26.0,22.0,11.0,7,1022.4,1017.7,,,29.6,35.5,No,No
15.5,36.5,0.0,ENE,44.0,ESE,ENE,7.0,20.0,15.0,9,1022.1,1017.5,,,28.0,35.9,No,No
15.9,37.3,0.0,SE,48.0,ESE,SE,11.0,11.0,12.0,8,1019.4,1015.1,,,29.7,35.5,No,No
16.7,36.0,0.0,ESE,46.0,E,ENE,31.0,7.0,6.0,7,1020.3,1015.5,,,28.4,35.5,No,No
19.1,36.6,0.0,E,46.0,E,NE,37.0,22.0,19.0,9,1019.3,1014.5,,,26.1,35.3,No,No
18.8,38.9,0.0,WNW,37.0,ENE,NNW,24.0,19.0,15.0,8,1017.2,1012.2,,,28.8,38.4,No,No
19.0,40.4,0.0,NW,39.0,NW,NNE,11.0,4.0,11.0,7,1015.1,1010.5,,3.0,30.7,38.1,No,No
24.9,39.9,0.0,S,69.0,SE,NE,37.0,17.0,23.0,8,1015.2,1010.9,,7.0,30.5,36.7,No,No
23.2,39.8,0.0,N,65.0,ESE,E,33.0,22.0,26.0,10,1017.4,1012.4,,,29.1,39.0,No,No
21.8,39.1,0.0,NE,41.0,NE,E,22.0,11.0,14.0,9,1018.8,1013.8,,,31.3,38.2,No,No
18.2,38.6,0.0,WNW,46.0,NNW,WSW,26.0,19.0,10.0,9,1017.1,1012.5,,8.0,32.0,36.6,No,No
25.2,38.6,0.0,SSE,48.0,SSW,WSW,17.0,19.0,35.0,15,1016.2,1011.1,3.0,4.0,29.4,36.7,No,No
18.5,34.4,0.0,E,43.0,E,E,28.0,22.0,29.0,16,1019.3,1013.8,,,24.4,32.8,No,No
19.1,36.1,0.0,E,50.0,E,NE,30.0,20.0,24.0,10,1018.6,1013.8,,,27.2,35.2,No,No
18.2,38.0,0.0,ENE,44.0,ENE,NNW,31.0,9.0,13.0,8,1017.0,1011.7,,5.0,29.0,36.1,No,No
22.7,36.6,0.0,ENE,48.0,SSW,NE,20.0,13.0,11.0,15,1017.7,1011.8,7.0,8.0,26.3,34.5,No,No
22.6,39.2,0.0,NW,56.0,ENE,NE,11.0,6.0,25.0,7,1015.8,1010.7,,,30.5,38.0,No,No
26.3,38.2,0.0,WSW,50.0,S,E,15.0,15.0,20.0,11,1015.4,1012.3,7.0,2.0,31.4,36.9,No,No
24.3,38.2,0.0,E,43.0,E,SSE,28.0,9.0,22.0,10,1016.9,1012.5,7.0,7.0,28.8,37.7,No,No
23.0,39.9,0.0,WNW,54.0,ENE,NW,31.0,30.0,16.0,12,1015.3,1011.1,,3.0,30.9,37.9,No,No
23.4,32.5,0.4,N,56.0,NNW,S,13.0,15.0,38.0,25,1016.6,1013.9,7.0,8.0,27.6,31.2,No,No
21.8,37.8,0.0,SW,57.0,ENE,ESE,7.0,9.0,34.0,16,1015.0,1010.2,,3.0,28.0,36.3,No,No
21.4,39.8,1.0,WSW,39.0,WNW,WSW,24.0,9.0,32.0,9,1012.4,1007.7,,2.0,31.1,39.0,No,No
22.6,40.3,0.0,E,43.0,ESE,SE,28.0,19.0,14.0,9,1011.7,1006.7,,,32.2,38.6,No,No
26.4,43.7,0.0,WNW,69.0,NE,NW,30.0,35.0,20.0,7,1005.8,1000.3,,,32.7,41.4,No,No
21.7,37.3,0.8,,,WNW,WNW,22.0,31.0,38.0,15,1006.9,1003.0,,2.0,28.8,36.8,No,
16.0,33.4,,WSW,41.0,SW,WNW,17.0,19.0,40.0,13,1011.9,1007.2,,,22.5,32.9,,No
14.1,35.4,0.0,E,30.0,ENE,ESE,19.0,15.0,35.0,12,1013.8,1008.8,,,23.6,33.6,No,No
18.3,39.8,0.0,S,39.0,E,SE,19.0,11.0,20.0,7,1012.1,1006.7,,,28.9,38.4,No,No
25.1,41.4,0.0,N,46.0,ENE,NNE,26.0,19.0,17.0,10,1011.9,1007.2,,6.0,31.2,39.0,No,No
27.5,32.3,0.0,W,44.0,S,WSW,13.0,26.0,19.0,40,1015.9,1013.7,7.0,6.0,28.7,28.3,No,No
19.9,34.4,0.0,NNE,44.0,SE,NE,9.0,17.0,58.0,17,1014.5,1010.8,7.0,8.0,23.4,32.0,No,No
20.1,34.4,0.0,SW,39.0,SW,NNW,11.0,11.0,46.0,27,1011.6,1009.5,1.0,7.0,26.3,30.5,No,No
18.0,39.0,0.0,NE,35.0,ENE,ESE,9.0,13.0,18.0,10,1012.0,1008.4,,,31.9,37.0,No,No
22.7,41.2,0.0,NW,46.0,ESE,WSW,19.0,11.0,15.0,8,1013.7,1009.8,,1.0,33.7,40.5,No,No
24.8,37.5,0.0,SE,48.0,ESE,E,28.0,24.0,20.0,9,1016.4,1011.7,,,29.0,37.3,No,No
21.3,34.6,0.0,ESE,48.0,E,SSE,30.0,19.0,17.0,10,1016.2,1011.9,5.0,6.0,26.7,33.5,No,No
18.9,35.3,0.0,E,44.0,E,SSW,30.0,24.0,12.0,7,1015.2,1010.8,,,26.5,34.1,No,No
15.7,37.7,0.0,NE,31.0,NE,SSW,15.0,9.0,11.0,5,1013.4,1009.4,,,27.4,35.8,No,No
18.4,40.7,0.0,SE,44.0,NNE,SSE,11.0,9.0,9.0,6,1013.8,1009.5,,,30.2,39.5,No,No
19.6,42.2,0.0,ESE,39.0,NNE,NE,19.0,22.0,8.0,5,1014.3,1009.5,,,32.8,40.4,No,No
20.5,42.9,0.0,WNW,50.0,N,N,17.0,19.0,7.0,4,1012.8,1008.4,,,34.9,41.1,No,No
25.9,39.1,0.0,S,57.0,SSE,SSE,35.0,30.0,36.0,17,1014.5,1010.4,,,28.2,37.5,No,No
20.8,37.3,0.0,E,50.0,ESE,E,31.0,20.0,24.0,11,1018.8,1013.4,,,26.2,35.6,No,No
20.5,38.5,0.0,E,44.0,E,SE,33.0,15.0,16.0,9,1016.6,1011.8,,,28.4,37.4,No,No
22.2,37.9,0.0,E,44.0,E,NE,30.0,17.0,13.0,9,1016.3,1011.6,,,29.8,36.7,No,No
22.7,39.3,0.0,ENE,43.0,NE,N,26.0,13.0,14.0,8,1014.0,1008.0,,,29.7,36.5,No,No
23.1,41.9,0.0,SW,69.0,NNW,NW,20.0,33.0,7.0,8,1006.1,1002.7,1.0,5.0,35.5,40.1,No,No
23.4,33.9,0.0,ENE,43.0,ESE,E,17.0,17.0,35.0,23,1013.1,1010.2,,8.0,27.5,31.8,No,No
21.3,37.0,0.0,ENE,46.0,E,S,31.0,11.0,22.0,14,1013.9,1009.7,,,27.7,36.2,No,No
22.6,39.8,0.0,W,46.0,NE,WNW,17.0,20.0,16.0,12,1013.1,1008.6,1.0,8.0,30.5,37.4,No,No
22.2,40.6,0.0,WSW,57.0,WNW,SE,9.0,19.0,21.0,20,1010.4,1006.6,,7.0,34.9,34.5,No,No
20.4,41.0,0.0,SW,54.0,NW,SW,17.0,39.0,30.0,16,1008.2,1004.4,2.0,3.0,31.2,35.2,No,No
19.4,37.1,0.4,ESE,61.0,ESE,SE,28.0,15.0,24.0,14,1012.8,1010.0,,,28.3,35.8,No,No
22.9,32.9,0.0,E,52.0,E,ESE,28.0,20.0,23.0,17,1018.4,1015.0,,1.0,25.2,31.4,No,No
17.7,37.2,0.0,NE,39.0,ENE,W,24.0,7.0,17.0,7,1018.3,1012.1,,,25.9,35.5,No,No
20.4,39.7,0.0,SSW,33.0,SSW,NNW,22.0,20.0,10.0,8,1015.1,1009.8,,,27.6,37.8,No,No
20.0,44.1,0.0,NNW,57.0,NE,N,24.0,24.0,9.0,10,1010.5,1005.3,,2.0,36.1,41.5,No,No
26.6,34.3,0.0,WNW,61.0,N,NNW,11.0,13.0,47.0,35,1011.7,1009.6,7.0,8.0,28.5,32.6,No,Yes
19.9,34.2,15.2,WSW,56.0,NE,NNW,22.0,19.0,92.0,49,1012.9,1009.0,7.0,2.0,21.9,31.9,Yes,Yes
19.8,37.1,4.6,NW,37.0,NW,NNW,17.0,11.0,67.0,26,1013.2,1009.9,,7.0,25.4,35.8,Yes,No
24.9,40.1,0.2,SSW,57.0,E,ESE,30.0,7.0,25.0,12,1013.7,1009.4,,2.0,32.1,39.0,No,No
26.9,39.3,0.0,N,61.0,ENE,S,17.0,11.0,27.0,19,1012.1,1008.4,8.0,8.0,33.2,37.6,No,No
24.4,39.4,0.0,SSW,46.0,E,SSW,9.0,30.0,38.0,21,1010.3,1006.4,,5.0,31.3,37.0,No,No
24.1,36.2,0.0,ENE,41.0,E,NE,22.0,15.0,35.0,20,1012.6,1008.1,,,27.8,35.1,No,No
25.7,40.2,0.0,SW,69.0,NE,WSW,26.0,9.0,24.0,13,1010.1,1005.7,,4.0,32.8,39.1,No,No
30.2,39.5,0.0,W,44.0,NNW,W,19.0,20.0,26.0,20,1008.0,1005.3,7.0,1.0,33.1,38.1,No,Yes
23.5,32.1,3.8,E,33.0,,NE,0.0,19.0,62.0,39,1010.9,1009.1,1.0,2.0,25.9,30.5,Yes,No
19.4,37.7,0.0,E,43.0,E,ENE,11.0,4.0,34.0,21,1010.3,1005.7,,1.0,29.4,35.4,No,No
22.2,39.4,0.0,E,59.0,NE,ESE,13.0,20.0,37.0,20,1008.8,1004.9,,,29.9,36.8,No,No
22.8,39.4,0.0,NE,41.0,N,E,9.0,20.0,42.0,22,1008.4,1004.1,,8.0,29.6,36.6,No,No
23.4,39.9,0.0,ENE,39.0,NNW,NW,15.0,6.0,44.0,18,1005.8,1000.8,,7.0,30.7,38.6,No,No
23.8,30.3,0.0,SSE,43.0,ESE,NNE,13.0,20.0,66.0,63,1006.9,1004.9,6.0,5.0,25.7,28.9,No,Yes
23.6,34.6,4.8,E,44.0,ESE,ESE,30.0,17.0,64.0,43,1009.7,1007.5,2.0,2.0,26.4,32.2,Yes,No
24.2,35.1,0.0,,,E,ESE,24.0,20.0,67.0,43,1012.7,1008.2,8.0,8.0,27.1,32.9,No,
24.0,38.5,,ENE,39.0,ENE,NE,24.0,9.0,51.0,25,1010.6,1005.0,,7.0,29.0,36.5,,No
28.2,39.5,0.0,SW,83.0,ENE,N,28.0,7.0,35.0,21,1005.9,1001.0,7.0,7.0,30.6,38.1,No,Yes
23.4,41.4,2.0,S,67.0,NNE,SW,9.0,15.0,49.0,20,1003.4,999.8,,2.0,30.5,39.5,Yes,No
18.0,34.2,0.2,SSE,52.0,SSE,SE,28.0,22.0,51.0,29,1010.6,1007.0,,,21.1,32.0,No,No
20.5,34.7,0.0,E,52.0,ESE,E,35.0,20.0,23.0,12,1013.2,1010.1,,,24.3,33.0,No,No
18.0,36.4,0.0,ESE,54.0,E,ESE,30.0,31.0,17.0,7,1014.7,1010.9,,,26.7,35.0,No,No
17.5,37.1,0.0,E,56.0,E,SE,33.0,22.0,12.0,7,1012.6,1007.5,,,28.1,34.7,No,No
20.0,38.9,0.0,E,59.0,E,SSE,20.0,17.0,12.0,12,1007.2,1002.6,,1.0,31.3,38.4,No,No
19.3,37.4,0.0,SE,56.0,ESE,S,20.0,28.0,46.0,18,1007.3,1003.7,,,25.8,35.8,No,No
18.7,37.3,0.0,SE,56.0,S,SSE,17.0,33.0,45.0,17,1009.9,1006.3,,,25.8,35.5,No,No
20.0,38.5,0.0,SE,50.0,E,SSE,19.0,22.0,40.0,15,1012.1,1007.5,,,26.5,35.9,No,No
20.6,39.9,0.0,SSW,54.0,ESE,SW,13.0,17.0,25.0,13,1010.8,1007.1,,,31.2,38.3,No,No
21.0,39.9,0.0,SSW,54.0,SE,SSW,22.0,20.0,17.0,11,1011.4,1007.6,,4.0,30.8,38.0,No,No
21.3,39.5,0.0,SSW,46.0,E,SE,28.0,17.0,13.0,8,1012.2,1008.2,,,30.0,37.2,No,No
20.7,41.3,0.0,SE,41.0,ENE,SSE,20.0,13.0,13.0,9,1012.4,1008.9,,,30.9,40.5,No,No
23.9,39.0,0.0,ESE,56.0,ESE,NE,13.0,7.0,16.0,11,1013.4,1009.5,,1.0,32.6,37.5,No,No
,39.0,0.0,,,ENE,NE,26.0,20.0,19.0,12,1013.0,1009.7,,8.0,33.1,37.7,No,
28.8,38.4,,NW,48.0,ENE,NNW,26.0,26.0,17.0,13,1013.7,1011.0,8.0,6.0,32.8,36.8,,No
27.8,40.7,0.0,WNW,56.0,S,NW,20.0,31.0,18.0,15,1013.3,1009.3,6.0,5.0,31.0,39.3,No,No
28.4,38.2,0.0,NNW,43.0,WSW,SW,22.0,19.0,40.0,23,1010.5,1008.2,5.0,6.0,30.6,35.2,No,No
25.7,38.0,0.0,SSW,57.0,NNW,NNW,13.0,20.0,42.0,25,1010.4,1007.8,5.0,1.0,30.9,36.4,No,No
21.7,39.4,0.4,S,56.0,NW,WSW,4.0,6.0,44.0,25,1012.2,1008.3,8.0,1.0,30.5,37.0,No,No
21.6,26.3,0.0,SSE,63.0,SSE,SE,19.0,33.0,68.0,55,1016.4,1015.7,8.0,8.0,23.0,24.2,No,No
18.8,30.4,0.0,E,52.0,ESE,ESE,30.0,20.0,60.0,37,1019.4,1015.1,7.0,,20.6,28.7,No,No
20.0,33.3,0.0,ENE,31.0,E,ESE,20.0,13.0,29.0,18,1016.5,1012.0,,,23.4,31.9,No,No
21.4,36.8,0.0,ENE,30.0,E,SSW,22.0,15.0,20.0,12,1013.7,1008.8,5.0,6.0,26.7,35.4,No,No
24.7,40.2,0.0,E,33.0,ENE,N,22.0,22.0,25.0,14,1010.0,1006.2,3.0,8.0,29.7,37.8,No,No
24.6,35.6,0.0,W,46.0,NNW,SW,11.0,2.0,36.0,46,1009.8,1009.6,,8.0,31.5,30.9,No,No
22.6,39.4,0.0,,,NW,NW,13.0,22.0,54.0,27,1012.0,1006.4,,,28.8,38.2,No,
22.4,37.0,,,,,,,,81.0,40,1010.9,1006.2,4.0,,25.1,35.7,,Yes
23.1,39.1,1.8,,,,,,,69.0,34,1010.7,1007.6,,1.0,28.5,38.3,Yes,No
24.1,37.4,0.0,,,,,,,44.0,29,1013.8,1010.1,,1.0,29.1,35.2,No,No
25.1,38.3,0.0,,,,,,,35.0,19,1013.3,1009.0,5.0,,28.4,36.7,No,No
23.5,35.9,0.0,,,,,,,23.0,13,1012.0,1009.3,,6.0,28.6,34.8,No,No
22.7,37.1,0.0,,,,,,,21.0,16,1009.6,1007.8,2.0,8.0,31.5,35.0,No,No
25.6,37.5,0.0,,,,,,,26.0,23,1009.6,1007.1,2.0,8.0,31.9,35.0,No,No
25.6,36.1,0.0,,,,,,,39.0,27,1010.9,1007.1,7.0,7.0,28.9,34.8,No,No
24.5,36.6,0.0,,,,,,,34.0,24,1010.7,1006.5,5.0,3.0,27.9,33.7,No,No
20.0,36.4,0.0,,,,,,,28.0,21,1009.1,1003.5,,1.0,25.9,35.0,No,No
24.9,37.8,0.0,,,,,,,45.0,50,1004.4,1000.2,,5.0,30.0,31.8,No,Yes
23.4,37.5,58.4,,,,,,,78.0,34,1002.3,998.5,2.0,1.0,27.9,36.6,Yes,
,35.2,,,,,SSW,,20.0,,39,,1003.8,,,,33.2,,
20.6,32.6,,S,39.0,SE,NE,24.0,13.0,50.0,32,1011.5,1008.7,,,22.6,30.0,,No
19.7,32.7,0.0,SSE,39.0,ESE,SSE,26.0,19.0,34.0,22,1014.3,1009.4,,,24.2,30.8,No,No
18.0,33.1,0.0,SSE,39.0,ESE,SE,26.0,15.0,28.0,16,1012.4,1008.3,,,25.4,31.1,No,No
18.2,36.3,0.0,E,44.0,SE,SSE,22.0,20.0,24.0,17,1010.8,1007.4,,,28.0,34.1,No,No
22.5,37.7,0.0,SE,50.0,SE,ESE,33.0,26.0,22.0,11,1012.6,1009.6,,,28.8,37.2,No,
23.8,38.3,,,,ESE,ESE,17.0,26.0,27.0,16,1015.2,1010.8,,,30.6,36.1,,No
22.5,39.0,0.0,E,46.0,ESE,ENE,26.0,20.0,18.0,12,1014.1,1009.4,,2.0,31.6,37.8,No,No
21.6,39.9,0.0,SE,41.0,SE,SE,13.0,24.0,20.0,10,1012.2,1007.9,,,32.1,38.8,No,No
23.0,40.5,0.0,S,46.0,SE,NE,19.0,13.0,12.0,8,1011.5,1007.7,,,31.6,38.4,No,No
20.9,41.2,0.0,E,39.0,ESE,SE,24.0,15.0,11.0,9,1012.4,1007.9,,,32.0,39.0,No,No
22.0,42.3,0.0,SW,31.0,E,SSE,17.0,19.0,12.0,8,1011.1,1007.0,,,31.8,41.0,No,No
22.6,41.2,0.0,SE,43.0,SE,SE,22.0,13.0,25.0,7,1011.2,1006.9,,,30.5,39.9,No,No
23.0,37.9,0.0,SSE,41.0,SE,SSE,20.0,28.0,29.0,15,1013.8,1009.5,1.0,,28.4,35.8,No,No
21.3,34.8,0.0,E,43.0,ESE,E,28.0,20.0,28.0,18,1014.9,1011.0,,,25.8,34.1,No,No
19.8,35.9,0.0,E,43.0,E,ESE,30.0,11.0,24.0,16,1013.7,1008.8,,,26.6,34.3,No,No
20.6,39.1,0.0,NNW,39.0,E,NW,20.0,9.0,20.0,13,1009.1,1003.9,1.0,1.0,28.9,37.8,No,No
22.7,38.6,0.0,NW,46.0,ESE,NNW,11.0,19.0,28.0,24,1008.7,1005.0,,3.0,30.5,37.1,No,No
20.6,39.9,1.0,E,35.0,ESE,N,11.0,11.0,31.0,25,1012.9,1008.8,,,28.6,37.3,No,No
22.9,28.9,0.0,WNW,30.0,SSW,ESE,13.0,17.0,81.0,70,1015.2,1013.0,8.0,8.0,23.6,27.0,No,Yes
22.6,39.8,9.0,ENE,28.0,E,NNE,4.0,4.0,60.0,17,1015.2,1011.2,4.0,,27.8,38.3,Yes,No
23.4,41.3,0.0,SSW,44.0,S,ENE,19.0,6.0,42.0,17,1010.9,1006.2,,8.0,30.6,39.5,No,No
27.3,38.3,0.0,SSW,57.0,S,SSW,35.0,20.0,45.0,26,1008.3,1006.0,7.0,7.0,29.7,36.5,No,No
28.0,38.3,0.0,W,54.0,SSE,S,28.0,22.0,45.0,27,1011.5,1009.1,7.0,6.0,30.0,36.8,No,Yes
22.0,35.9,1.8,ESE,39.0,ESE,SE,28.0,20.0,44.0,28,1016.5,1013.0,,,26.9,34.7,Yes,No
21.7,37.0,0.0,E,39.0,ESE,SE,28.0,15.0,23.0,16,1016.9,1012.8,,,27.9,35.7,No,No
20.6,39.2,0.0,SSE,37.0,E,SE,22.0,13.0,20.0,13,1016.1,1011.6,,,28.8,37.4,No,No
21.7,39.1,0.0,E,35.0,E,SW,20.0,9.0,18.0,10,1015.3,1010.7,,,29.3,37.9,No,No
19.4,39.3,0.0,E,31.0,E,E,7.0,13.0,17.0,8,1013.2,1009.4,,,29.1,37.8,No,No
19.5,41.0,0.0,ESE,44.0,SE,E,11.0,9.0,13.0,10,1013.8,1009.9,,,31.6,40.2,No,No
27.7,41.5,0.0,ESE,46.0,ESE,ESE,31.0,13.0,30.0,14,1014.3,1009.6,,5.0,31.9,39.2,No,No
24.3,41.5,0.0,NE,39.0,ENE,S,24.0,11.0,32.0,13,1012.1,1006.5,1.0,,32.0,38.9,No,No
27.0,40.0,0.0,W,67.0,E,N,19.0,11.0,26.0,18,1010.4,1006.6,5.0,4.0,32.5,38.2,No,Yes
22.6,38.2,7.4,SE,54.0,E,NW,11.0,15.0,56.0,26,1010.7,1006.7,,1.0,28.2,36.9,Yes,No
22.5,37.3,0.0,ESE,43.0,SSE,N,15.0,9.0,60.0,32,1011.4,1007.9,,,27.2,35.2,No,Yes
21.6,34.4,7.4,SW,54.0,ESE,ENE,11.0,13.0,73.0,41,1011.5,1008.8,,1.0,25.7,33.0,Yes,Yes
20.9,33.1,2.2,E,39.0,WNW,SSE,20.0,11.0,73.0,45,1013.1,1009.4,6.0,,24.2,31.8,Yes,No
23.5,35.7,0.2,S,33.0,E,S,13.0,13.0,67.0,32,1013.9,1009.8,,8.0,27.3,34.2,No,No
24.3,36.9,0.0,S,33.0,ENE,ESE,20.0,15.0,55.0,28,1012.9,1008.7,,2.0,29.2,35.6,No,No
24.6,37.0,0.0,E,43.0,ENE,SE,24.0,13.0,53.0,26,1012.9,1008.8,,,29.8,36.0,No,No
26.1,36.9,0.0,SE,43.0,E,E,24.0,13.0,64.0,33,1011.9,1007.3,,1.0,28.4,35.8,No,Yes
20.8,33.3,1.4,SE,48.0,ESE,E,19.0,22.0,80.0,47,1012.4,1008.8,5.0,2.0,25.0,31.7,Yes,No
22.2,34.9,0.0,E,39.0,ESE,NE,22.0,17.0,69.0,37,1011.5,1007.1,3.0,,25.1,33.9,No,No
23.8,37.3,0.0,ENE,33.0,E,NNE,22.0,13.0,54.0,28,1009.4,1005.0,1.0,6.0,28.7,36.1,No,No
26.2,39.9,0.0,W,41.0,ENE,WSW,7.0,22.0,44.0,24,1007.1,1002.6,1.0,2.0,30.8,38.8,No,Yes
23.0,33.6,9.4,ESE,37.0,SSE,ESE,17.0,20.0,76.0,43,1009.8,1006.6,8.0,7.0,25.3,32.8,Yes,No
21.5,34.0,0.0,ESE,31.0,E,E,26.0,15.0,53.0,32,1012.3,1008.2,,5.0,24.1,32.4,No,No
22.5,35.9,0.0,S,35.0,ENE,N,22.0,6.0,30.0,32,1012.8,1008.3,,,26.5,34.4,No,No
22.5,33.2,0.4,ENE,31.0,E,WSW,24.0,7.0,24.0,23,1013.1,1010.3,1.0,,27.6,31.5,No,No
20.7,34.9,0.0,W,37.0,E,SSW,20.0,11.0,26.0,20,1012.5,1009.2,,6.0,26.2,33.3,No,No
22.2,35.4,0.0,WSW,37.0,,WNW,0.0,13.0,47.0,33,1013.7,1010.8,,,25.6,34.7,No,No
22.2,38.1,0.0,SSE,31.0,ESE,ESE,7.0,9.0,27.0,18,1016.5,1013.0,,,28.7,36.6,No,No
22.3,35.9,0.0,SSW,37.0,SSE,SSE,20.0,15.0,51.0,24,1018.5,1014.4,,1.0,26.4,35.6,No,No
19.1,33.7,0.0,ESE,33.0,ESE,ENE,24.0,20.0,48.0,29,1019.5,1014.8,,,24.5,32.4,No,No
18.5,35.1,0.0,ENE,33.0,E,SSW,22.0,11.0,34.0,22,1017.3,1011.9,,,24.5,34.4,No,No
22.6,32.1,0.0,SSE,33.0,ESE,SSE,22.0,15.0,33.0,27,1012.6,1009.7,8.0,8.0,25.7,30.0,No,No
16.8,29.9,0.4,S,33.0,SE,SE,19.0,15.0,69.0,38,1018.6,1015.3,,,20.9,28.9,No,No
14.7,29.2,0.2,SE,31.0,ESE,E,24.0,19.0,49.0,26,1021.4,1016.7,,,20.6,27.8,No,No
14.2,31.5,0.0,E,31.0,ENE,ENE,22.0,11.0,38.0,21,1018.5,1013.7,,,21.0,30.7,No,No
15.3,36.6,0.0,WSW,35.0,SE,W,11.0,11.0,29.0,17,1015.3,1011.6,,,22.4,35.1,No,No
17.1,37.1,0.0,SE,35.0,SE,SE,17.0,6.0,30.0,13,1018.6,1015.0,,,24.4,36.5,No,No
19.1,35.3,0.0,ENE,35.0,E,SE,17.0,13.0,25.0,13,1020.8,1017.0,,,26.1,34.3,No,No
18.2,35.7,0.0,E,30.0,ESE,SE,13.0,13.0,29.0,13,1018.6,1013.1,,,25.0,34.5,No,No
15.4,38.1,0.0,NW,33.0,SE,NNE,7.0,9.0,27.0,10,1014.0,1009.5,,,25.4,37.5,No,No
19.1,33.2,0.0,SSE,37.0,SSE,S,26.0,24.0,53.0,26,1015.5,1013.9,,,23.3,32.5,No,No
19.9,27.8,0.0,ESE,33.0,SE,SE,17.0,19.0,54.0,36,1019.3,1017.1,6.0,8.0,21.0,26.6,No,No
14.1,31.0,0.0,E,31.0,E,E,17.0,20.0,54.0,27,1020.7,1015.9,,,18.2,29.7,No,No
17.2,32.8,0.0,ENE,31.0,E,ESE,22.0,11.0,42.0,25,1020.0,1015.8,,,22.1,31.3,No,No
18.1,33.6,0.0,S,35.0,E,SSE,20.0,17.0,33.0,19,1021.3,1017.7,5.0,,23.7,32.9,No,No
17.1,30.0,0.0,SE,31.0,ESE,SE,20.0,22.0,34.0,20,1024.3,1019.3,,,21.2,28.8,No,No
14.2,28.2,0.0,SE,31.0,ESE,ESE,20.0,19.0,44.0,20,1023.6,1018.7,,,19.2,27.2,No,No
13.6,28.8,0.0,ESE,33.0,E,E,24.0,20.0,42.0,21,1022.0,1017.4,,1.0,19.9,28.2,No,No
16.3,28.6,0.0,E,31.0,E,ENE,15.0,17.0,35.0,19,1020.9,1017.4,6.0,5.0,19.9,27.8,No,No
17.8,32.0,0.0,E,31.0,SE,ESE,13.0,11.0,31.0,14,1020.6,1016.6,8.0,,19.6,30.5,No,No
14.0,31.3,0.0,SSE,35.0,ESE,ESE,13.0,19.0,24.0,14,1020.8,1017.0,,,21.4,30.8,No,No
14.6,29.9,0.0,ESE,33.0,E,ENE,24.0,13.0,43.0,23,1020.3,1015.4,,,20.8,28.4,No,No
14.0,32.8,0.0,W,30.0,E,WNW,15.0,17.0,35.0,15,1016.1,1011.6,,,21.1,32.1,No,No
13.5,35.2,0.0,WSW,31.0,E,W,9.0,11.0,30.0,12,1013.4,1010.3,,,23.1,34.3,No,No
18.8,31.7,0.0,SSW,31.0,S,NE,17.0,19.0,44.0,24,1016.6,1013.8,8.0,1.0,23.2,30.9,No,No
18.6,31.3,0.0,E,35.0,S,ESE,24.0,17.0,60.0,29,1019.5,1016.9,,,21.2,30.2,No,No
15.6,30.7,0.0,SE,33.0,SE,SE,22.0,22.0,58.0,28,1023.8,1019.5,1.0,,20.6,29.4,No,No
16.9,28.4,0.0,E,31.0,ESE,ESE,20.0,20.0,45.0,25,1023.8,1019.4,,,20.0,27.5,No,No
12.1,27.3,0.0,E,31.0,ENE,E,22.0,19.0,42.0,21,1022.7,1017.9,,,18.6,26.2,No,No
9.6,28.8,0.0,E,30.0,E,NNE,13.0,9.0,28.0,13,1021.7,1017.1,,,17.1,28.0,No,No
11.0,32.5,0.0,N,33.0,E,NW,11.0,24.0,28.0,12,1018.0,1013.1,,,19.4,31.8,No,No
13.2,32.8,0.0,N,28.0,NE,NNE,2.0,9.0,25.0,14,1015.1,1011.7,2.0,,21.3,31.2,No,No
15.4,34.3,0.0,NNW,37.0,E,NNW,9.0,20.0,26.0,12,1013.9,1009.6,,,22.6,33.1,No,No
22.2,26.7,0.0,WSW,26.0,ESE,S,15.0,7.0,43.0,37,1014.9,1013.7,7.0,7.0,23.2,25.6,No,No
18.7,30.5,0.2,SW,31.0,ESE,NNW,6.0,11.0,65.0,33,1014.9,1012.5,8.0,8.0,21.1,29.2,No,No
17.2,22.3,0.0,E,33.0,SE,ESE,17.0,15.0,37.0,35,1018.0,1017.3,8.0,7.0,18.8,21.9,No,No
14.9,27.4,0.0,SSE,20.0,ESE,SSE,13.0,13.0,47.0,17,1018.7,1015.8,1.0,8.0,18.8,26.7,No,No
13.9,30.0,0.0,SW,33.0,SSE,SE,17.0,11.0,39.0,19,1018.5,1015.0,,,20.7,28.3,No,No
8.2,29.2,0.0,E,31.0,SE,SE,17.0,6.0,29.0,14,1019.5,1014.8,,1.0,18.3,28.3,No,No
13.5,26.4,0.0,WSW,33.0,S,WSW,9.0,15.0,34.0,45,1016.7,1013.6,8.0,,18.1,25.8,No,Yes
18.0,21.6,20.2,E,24.0,E,E,13.0,7.0,97.0,77,1015.5,1012.3,,8.0,18.4,20.8,Yes,Yes
16.6,21.6,11.4,N,37.0,NE,NNE,20.0,22.0,100.0,100,1011.3,1006.4,8.0,8.0,16.7,19.9,Yes,Yes
16.3,21.9,39.0,W,35.0,SW,W,11.0,22.0,79.0,40,1008.8,1006.0,7.0,1.0,16.5,20.1,Yes,No
8.3,21.3,0.0,SW,28.0,SW,SW,13.0,17.0,62.0,44,1016.0,1015.1,,,13.9,20.4,No,No
7.9,20.3,0.0,SSE,26.0,SSE,SE,13.0,19.0,75.0,45,1024.3,1022.5,,,12.3,19.3,No,No
9.5,21.8,0.0,ESE,26.0,E,E,15.0,13.0,68.0,36,1026.8,1023.2,,,13.5,20.7,No,No
8.8,23.8,0.0,E,24.0,E,E,15.0,13.0,74.0,27,1023.9,1020.2,,,13.1,22.4,No,No
8.0,26.0,0.0,E,24.0,E,E,17.0,19.0,63.0,23,1023.2,1019.0,,,14.0,24.7,No,No
7.4,27.8,0.0,NE,20.0,ESE,E,6.0,7.0,59.0,16,1022.4,1019.1,,,14.2,26.5,No,No
7.3,28.7,0.0,ENE,22.0,SE,SE,11.0,2.0,43.0,13,1021.1,1016.8,,,16.4,27.9,No,No
11.1,29.7,0.0,S,48.0,ESE,ESE,9.0,6.0,40.0,14,1019.0,1015.8,7.0,,19.1,28.4,No,No
11.5,29.0,0.0,E,24.0,ESE,ESE,6.0,11.0,38.0,16,1019.2,1016.3,6.0,1.0,18.6,27.9,No,No
13.9,29.0,0.0,E,24.0,SE,ENE,11.0,13.0,40.0,20,1020.6,1017.4,,,19.7,28.1,No,No
12.8,27.2,0.0,E,24.0,ESE,ENE,17.0,15.0,50.0,23,1021.6,1017.3,,,18.3,26.1,No,No
14.6,23.9,0.0,ENE,24.0,SSE,ENE,6.0,9.0,52.0,30,1019.6,1016.8,8.0,8.0,16.4,23.2,No,No
13.8,28.6,0.0,N,31.0,E,N,11.0,17.0,51.0,26,1017.8,1012.5,,,17.1,27.1,No,No
12.7,28.7,0.0,WSW,31.0,NW,WSW,15.0,22.0,49.0,41,1015.8,1015.3,7.0,8.0,19.9,26.7,No,Yes
13.1,16.0,1.2,ESE,28.0,ESE,E,20.0,20.0,61.0,55,1022.8,1020.8,8.0,7.0,14.3,15.6,Yes,No
11.5,24.5,0.2,E,28.0,ESE,E,17.0,7.0,44.0,32,1020.0,1015.7,6.0,8.0,14.8,23.6,No,No
12.1,29.6,0.0,NW,28.0,,NW,0.0,9.0,65.0,35,1015.2,1011.5,,1.0,17.8,29.0,No,No
13.7,30.8,0.0,W,30.0,SSW,W,9.0,20.0,66.0,32,1014.5,1011.8,,,19.5,30.4,No,No
10.6,20.3,0.0,SSW,26.0,ESE,SE,11.0,13.0,48.0,34,1021.3,1018.9,1.0,8.0,14.8,19.6,No,No
7.0,19.5,0.0,ENE,26.0,ESE,NE,11.0,13.0,67.0,37,1020.6,1016.7,8.0,8.0,10.6,18.3,No,No
8.0,26.2,0.0,NW,28.0,SSE,NW,6.0,15.0,69.0,35,1018.3,1014.6,3.0,,11.8,25.4,No,No
11.8,18.7,0.2,NNW,24.0,E,N,7.0,11.0,96.0,96,1017.7,1016.4,8.0,8.0,16.8,17.6,No,Yes
13.7,23.0,2.4,ENE,22.0,SE,E,11.0,13.0,100.0,63,1020.3,1017.3,8.0,,15.0,22.2,Yes,Yes
14.2,21.8,15.2,ENE,24.0,SE,E,11.0,11.0,100.0,72,1020.5,1018.2,8.0,4.0,15.0,20.9,Yes,No
14.2,17.8,0.2,SSE,20.0,E,NNW,4.0,13.0,100.0,99,1018.7,1016.4,8.0,8.0,15.2,17.4,No,Yes
14.3,21.1,1.4,SE,24.0,E,SW,13.0,9.0,85.0,56,1020.1,1017.7,5.0,1.0,16.1,20.0,Yes,No
8.9,19.7,0.0,ENE,24.0,E,N,11.0,9.0,86.0,51,1020.5,1016.3,8.0,,11.7,18.2,No,No
11.6,23.1,0.0,SSW,20.0,NW,WNW,2.0,11.0,72.0,47,1015.9,1012.7,6.0,8.0,15.2,22.6,No,No
15.2,21.3,0.2,NNE,24.0,SSE,E,7.0,15.0,100.0,71,1016.1,1014.0,8.0,8.0,16.9,20.6,No,Yes
15.5,27.2,5.6,NNW,24.0,ESE,NNE,15.0,4.0,100.0,71,1011.7,1006.9,8.0,8.0,16.3,24.1,Yes,Yes
13.7,18.6,7.0,NW,24.0,WSW,,7.0,0.0,68.0,42,1012.8,1013.5,2.0,5.0,14.8,17.7,Yes,No
6.1,17.7,0.0,SE,24.0,S,SSE,6.0,13.0,81.0,48,1023.9,1022.8,,1.0,9.9,16.9,No,No
5.2,17.6,0.0,,,ESE,,13.0,,76.0,38,1027.9,1025.0,,,9.6,16.6,No,No
7.2,17.4,0.0,,,,,,,74.0,40,1030.5,1027.6,,,10.3,16.8,No,No
4.8,18.0,0.0,,,,,,,70.0,39,1032.1,1027.4,4.0,,9.5,17.2,No,No
5.7,19.2,0.0,,,,,,,68.0,29,1027.7,1022.0,,,9.3,18.5,No,No
8.0,20.8,0.0,,,,,,,70.0,35,1024.6,1021.2,6.0,1.0,11.0,19.7,No,No
7.9,25.9,0.0,,,,,,,79.0,44,1022.3,1017.7,,1.0,12.5,25.2,No,No
12.5,20.8,0.2,,,,,,,82.0,45,1018.5,1015.2,,7.0,14.6,20.5,No,No
8.2,21.9,0.0,,,,,,,79.0,40,1016.9,1013.3,,,11.5,20.9,No,No
8.7,18.9,0.0,,,,,,,80.0,46,1019.7,1016.8,1.0,3.0,12.3,17.9,No,No
3.4,18.3,0.0,,,,,,,77.0,40,1020.3,1017.3,,,8.2,16.9,No,No
2.2,21.5,0.0,,,,,,,80.0,23,1017.4,1014.1,,,8.5,20.5,No,No
7.8,25.9,0.0,,,,,,,57.0,25,1013.9,1011.5,5.0,8.0,12.3,24.9,No,No
12.3,19.1,0.0,,,,,,,79.0,62,1016.8,1014.1,8.0,8.0,15.6,18.9,No,
14.2,18.7,,,,W,,9.0,,81.0,67,1015.2,1014.6,8.0,8.0,16.6,17.5,,
3.2,17.9,,E,44.0,SE,E,11.0,20.0,83.0,39,1022.4,1019.0,,,8.8,17.2,,No
8.8,11.3,0.6,E,35.0,ESE,ENE,15.0,20.0,85.0,99,1020.1,1014.9,8.0,8.0,10.8,11.1,No,Yes
10.2,15.6,42.0,SSW,43.0,SSW,SSW,19.0,24.0,95.0,52,1018.7,1018.4,8.0,,10.5,14.9,Yes,No
2.9,16.4,0.0,ENE,35.0,SSE,E,15.0,20.0,88.0,51,1024.6,1021.9,,,8.4,15.9,No,No
3.4,17.2,0.0,ENE,39.0,E,ENE,17.0,19.0,82.0,41,1025.4,1021.5,,,8.5,16.7,No,No
2.6,21.0,0.0,NNW,19.0,SE,NNW,9.0,13.0,83.0,34,1023.3,1019.5,,,7.4,20.6,No,No
7.3,23.3,0.0,SE,28.0,S,S,6.0,15.0,66.0,33,1022.4,1020.3,6.0,7.0,15.1,22.6,No,Yes
11.3,13.6,2.4,E,35.0,SE,E,11.0,20.0,89.0,78,1027.4,1026.2,8.0,5.0,11.3,13.3,Yes,Yes
9.4,16.4,4.8,E,39.0,E,E,19.0,20.0,82.0,57,1029.1,1026.1,1.0,,11.0,15.7,Yes,No
4.1,19.0,0.0,E,26.0,ESE,NNE,13.0,6.0,81.0,46,1025.1,1019.9,,1.0,8.4,17.6,No,No
8.3,16.7,0.0,SSW,39.0,SSW,S,7.0,22.0,84.0,63,1018.8,1019.1,8.0,8.0,12.0,15.8,No,No
4.2,15.2,0.2,SE,30.0,SE,ESE,9.0,17.0,94.0,52,1025.9,1022.9,8.0,1.0,8.3,14.4,No,No
5.1,16.1,0.0,E,33.0,E,ENE,13.0,20.0,68.0,40,1025.7,1021.9,,8.0,9.2,15.5,No,No
8.9,16.4,0.2,ESE,50.0,ESE,ESE,15.0,9.0,68.0,52,1020.5,1018.4,8.0,8.0,10.8,14.7,No,No
5.2,24.7,0.0,N,28.0,SE,N,13.0,11.0,74.0,31,1020.0,1015.9,,,8.6,23.4,No,No
8.6,27.8,0.0,NNW,65.0,N,NNW,9.0,41.0,57.0,25,1015.4,1010.1,,,16.3,27.6,No,Yes
12.4,18.8,13.6,WSW,43.0,WNW,NW,11.0,19.0,78.0,61,1015.4,1013.3,8.0,,13.3,17.3,Yes,No
3.0,18.0,0.2,W,24.0,,W,0.0,11.0,84.0,41,1018.6,1016.2,,,8.0,17.4,No,No
5.3,13.1,0.0,SSE,31.0,S,SSE,9.0,15.0,81.0,42,1024.4,1024.0,,,7.3,12.8,No,No
2.4,13.7,0.0,ESE,52.0,ESE,ESE,20.0,24.0,67.0,45,1030.1,1027.8,6.0,3.0,7.1,13.2,No,No
0.6,14.2,0.0,E,46.0,ESE,ESE,13.0,22.0,76.0,40,1031.7,1027.5,,,5.8,13.7,No,No
-0.3,15.5,0.0,E,48.0,ESE,E,19.0,24.0,66.0,28,1029.9,1026.1,,,5.0,14.7,No,No
0.9,16.4,0.0,E,43.0,ESE,ENE,17.0,26.0,68.0,25,1028.3,1023.8,,,5.5,15.5,No,No
-0.5,19.4,0.0,ESE,20.0,SSE,NE,11.0,9.0,65.0,17,1024.3,1020.0,,,5.3,18.3,No,No
2.7,22.2,0.0,E,26.0,SE,ENE,11.0,11.0,61.0,41,1020.8,1017.0,,,9.7,21.0,No,No
7.1,24.7,0.0,WNW,24.0,SE,NE,9.0,9.0,83.0,34,1019.2,1016.2,,,11.5,24.1,No,No
8.3,25.7,0.0,N,24.0,ESE,NNW,7.0,15.0,79.0,39,1019.7,1016.9,,,15.0,25.0,No,No
8.3,27.9,0.0,NW,44.0,,NNW,0.0,28.0,78.0,31,1017.9,1014.4,,,14.3,27.0,No,No
10.1,25.9,0.0,W,37.0,SSE,SW,2.0,19.0,65.0,31,1017.6,1015.6,,,16.1,25.6,No,No
11.6,18.2,0.0,ENE,31.0,SSE,ESE,17.0,11.0,45.0,35,1021.6,1018.5,8.0,8.0,12.3,17.2,No,No
10.9,19.1,0.0,S,39.0,S,E,20.0,9.0,46.0,27,1022.7,1020.6,7.0,,11.1,17.9,No,No
4.6,19.0,0.0,E,35.0,ESE,E,17.0,19.0,59.0,30,1024.9,1020.8,,,8.6,17.8,No,No
3.4,20.6,0.0,ENE,37.0,SE,SSE,13.0,13.0,58.0,22,1024.4,1021.3,,,10.0,19.6,No,No
3.0,20.9,0.0,ESE,30.0,SE,ESE,15.0,15.0,59.0,28,1027.6,1025.5,,,10.3,19.8,No,No
5.4,20.8,0.0,E,37.0,ESE,ENE,15.0,17.0,68.0,29,1029.9,1025.1,,,10.0,20.3,No,No
6.7,22.4,0.0,E,26.0,E,NNE,7.0,9.0,60.0,24,1025.9,1021.2,,,10.3,21.7,No,No
2.7,25.5,0.0,SSW,20.0,S,E,11.0,7.0,57.0,14,1022.8,1018.2,,,9.9,24.8,No,No
5.6,28.7,0.0,WNW,39.0,,WNW,0.0,17.0,45.0,12,1018.7,1014.1,,,13.6,27.9,No,No
11.7,17.2,0.0,S,59.0,SSW,SSW,22.0,30.0,47.0,38,1020.0,1019.9,,1.0,14.9,16.0,No,No
5.1,16.5,0.0,SE,56.0,SE,ESE,26.0,33.0,65.0,27,1026.3,1022.7,,,8.3,15.6,No,No
2.7,17.4,0.0,E,50.0,ESE,ENE,22.0,26.0,57.0,29,1027.1,1023.4,,,7.6,16.2,No,No
1.0,19.1,0.0,ENE,43.0,ESE,E,13.0,19.0,56.0,28,1026.1,1022.2,,,8.2,17.8,No,No
1.9,19.4,0.0,ENE,39.0,E,NE,24.0,13.0,56.0,22,1025.0,1020.9,,,9.4,19.3,No,No
2.5,22.1,0.0,NW,26.0,ESE,NW,11.0,11.0,45.0,18,1022.3,1018.0,,,9.1,20.8,No,No
3.3,25.6,0.0,NNW,33.0,SE,N,7.0,15.0,42.0,14,1021.3,1017.4,,,11.4,24.6,No,No
4.9,27.8,0.0,NNW,30.0,SSE,NNW,6.0,13.0,42.0,15,1020.5,1016.0,1.0,8.0,12.9,26.8,No,No
12.9,25.2,0.0,NNW,44.0,W,SSW,9.0,9.0,51.0,36,1018.0,1015.5,8.0,,19.4,23.5,No,No
8.0,21.6,0.0,SSE,48.0,ESE,ESE,15.0,13.0,49.0,27,1021.1,1018.4,1.0,1.0,13.8,21.4,No,No
4.9,21.5,0.0,E,46.0,E,E,17.0,24.0,49.0,19,1024.7,1020.1,,,10.8,21.0,No,No
4.7,26.4,0.0,W,33.0,SE,WNW,13.0,17.0,42.0,24,1021.3,1017.1,,,11.6,25.0,No,No
11.3,23.5,0.0,E,48.0,SE,E,24.0,28.0,34.0,23,1022.6,1020.5,8.0,8.0,16.2,22.5,No,No
10.8,23.1,0.0,ENE,44.0,E,E,31.0,22.0,34.0,23,1025.3,1021.2,8.0,2.0,15.6,22.8,No,No
9.5,25.3,0.0,E,39.0,E,NE,19.0,13.0,30.0,22,1023.7,1019.7,2.0,,14.7,23.7,No,No
5.8,27.3,0.0,SE,22.0,SE,NNE,15.0,7.0,34.0,18,1022.6,1018.3,,,13.9,26.0,No,No
7.1,28.2,0.0,NE,35.0,SE,NE,9.0,20.0,41.0,18,1021.6,1017.0,,,16.7,27.1,No,No
6.0,29.8,0.0,N,48.0,NE,NW,13.0,26.0,41.0,15,1015.2,1010.5,,,16.0,28.7,No,No
8.1,20.6,0.0,SE,52.0,SE,SSE,31.0,19.0,33.0,16,1021.4,1018.5,,,11.8,19.1,No,No
3.1,22.6,0.0,ENE,52.0,E,NE,26.0,20.0,36.0,21,1020.4,1015.2,,,11.6,21.5,No,No
8.5,24.8,0.0,W,44.0,SSE,WNW,9.0,24.0,39.0,23,1013.2,1009.0,2.0,1.0,13.4,24.1,No,No
2.1,21.6,0.0,ENE,31.0,SSE,ESE,9.0,13.0,35.0,18,1012.4,1007.9,,,10.9,21.0,No,No
10.9,20.2,0.0,SSE,61.0,ESE,N,17.0,9.0,69.0,33,1011.3,1009.1,8.0,7.0,12.4,20.0,No,Yes
3.4,19.2,3.6,ENE,33.0,S,ENE,11.0,15.0,74.0,34,1018.5,1015.9,,1.0,9.6,18.3,Yes,No
5.5,19.0,0.0,SE,37.0,SSE,S,19.0,19.0,56.0,33,1020.4,1018.2,,8.0,12.2,18.0,No,No
1.0,19.2,0.0,ENE,39.0,ESE,ESE,19.0,19.0,58.0,28,1024.2,1020.2,,,9.9,17.3,No,No
3.4,26.1,0.0,N,44.0,NE,NW,11.0,24.0,49.0,18,1020.4,1015.9,,,11.4,25.0,No,No
7.4,27.1,0.0,NNW,59.0,S,NNW,2.0,35.0,49.0,21,1014.9,1009.6,8.0,8.0,14.4,25.8,No,Yes
14.2,14.4,9.2,WSW,31.0,SW,ESE,24.0,9.0,93.0,100,1013.1,1010.8,8.0,8.0,14.2,14.0,Yes,Yes
11.5,22.9,16.0,WNW,28.0,WSW,WNW,7.0,13.0,96.0,32,1018.0,1015.2,7.0,,12.6,21.9,Yes,No
7.4,24.2,0.2,NNE,26.0,E,NE,9.0,7.0,69.0,32,1020.1,1015.1,,,14.6,23.4,No,No
11.3,20.2,0.0,SW,39.0,S,WNW,9.0,9.0,83.0,83,1012.5,1009.4,8.0,8.0,15.3,16.7,No,Yes
11.3,17.9,4.8,SW,50.0,S,SSE,19.0,13.0,75.0,56,1016.3,1014.5,8.0,7.0,12.8,17.1,Yes,No
10.9,19.8,0.0,ESE,31.0,ESE,SE,17.0,13.0,67.0,41,1020.1,1019.0,7.0,8.0,14.5,18.7,No,No
8.2,21.8,0.0,ENE,46.0,E,ENE,20.0,22.0,63.0,38,1024.9,1021.2,,,13.3,21.0,No,No
7.9,23.6,0.0,ENE,37.0,ENE,E,24.0,13.0,49.0,29,1024.1,1019.6,,,15.5,22.9,No,No
12.1,27.3,0.0,E,28.0,E,E,19.0,11.0,45.0,24,1021.8,1017.2,,,17.1,26.5,No,No
14.7,31.2,0.0,NW,35.0,E,NNW,11.0,19.0,50.0,27,1018.9,1014.3,,,18.4,30.3,No,No
15.1,31.1,0.0,WSW,48.0,,W,0.0,28.0,63.0,24,1015.8,1012.8,8.0,,21.0,30.3,No,No
11.1,23.1,0.0,ESE,39.0,SE,SE,20.0,15.0,43.0,22,1022.4,1018.3,,,15.1,21.6,No,No
7.7,26.2,0.0,E,39.0,E,E,28.0,13.0,41.0,24,1020.5,1015.3,1.0,,15.0,24.8,No,No
11.1,31.1,0.0,NW,33.0,E,NNE,15.0,7.0,36.0,23,1016.5,1011.8,4.0,,18.9,30.8,No,No
16.4,30.7,0.0,WNW,43.0,E,NNE,20.0,13.0,37.0,81,1013.9,1010.3,8.0,6.0,21.4,21.5,No,Yes
13.4,17.2,9.4,SE,41.0,SE,SE,26.0,22.0,83.0,70,1015.7,1013.8,8.0,8.0,13.8,16.6,Yes,Yes
11.4,15.5,1.2,ESE,41.0,ESE,E,20.0,30.0,53.0,54,1019.1,1014.7,8.0,8.0,11.8,14.7,Yes,No
6.4,21.1,0.2,E,28.0,E,SSE,19.0,7.0,59.0,31,1019.1,1014.6,,,12.6,20.1,No,No
7.6,28.7,0.0,NW,54.0,E,NW,13.0,35.0,59.0,20,1015.8,1010.2,,1.0,14.8,27.7,No,No
14.4,22.6,0.0,SSW,54.0,SSW,SSW,35.0,24.0,54.0,31,1015.5,1014.9,6.0,1.0,14.8,22.2,No,No
6.7,22.0,0.0,SE,31.0,SE,ENE,22.0,17.0,61.0,26,1019.1,1013.4,,,12.0,20.9,No,No
5.9,29.4,0.0,NW,54.0,NNE,NW,9.0,30.0,52.0,15,1010.7,1003.7,,1.0,15.3,28.4,No,No
7.5,21.2,0.0,SSW,61.0,SSW,S,26.0,19.0,58.0,27,1015.2,1013.3,2.0,,12.6,20.5,No,No
4.6,23.0,0.0,ENE,39.0,E,E,22.0,17.0,38.0,21,1021.0,1016.4,,,14.6,21.7,No,No
6.8,27.5,0.0,ENE,33.0,ENE,NE,20.0,9.0,33.0,16,1017.9,1013.3,,,17.9,26.3,No,No
10.5,32.4,0.0,NNW,54.0,E,NW,7.0,30.0,35.0,25,1011.4,1004.5,3.0,8.0,19.1,30.0,No,No
15.2,27.5,0.0,SW,46.0,SSE,WSW,4.0,22.0,35.0,22,1011.7,1008.8,1.0,,20.3,26.5,No,No
8.9,27.8,0.0,ENE,43.0,E,ENE,28.0,19.0,34.0,20,1016.1,1010.6,,,17.9,26.6,No,No
13.2,25.7,0.0,W,28.0,ESE,E,17.0,9.0,42.0,33,1013.7,1011.5,8.0,8.0,18.5,25.1,No,No
14.1,29.9,0.0,NNW,41.0,ESE,N,13.0,20.0,55.0,33,1014.1,1009.0,1.0,2.0,19.8,28.6,No,No
19.8,30.5,0.0,W,76.0,NW,W,31.0,48.0,41.0,13,1007.7,1005.3,5.0,,24.9,29.8,No,No
6.6,22.1,0.0,SSW,44.0,SSW,SSW,28.0,17.0,37.0,16,1016.9,1011.9,,,11.0,19.9,No,No
2.7,25.7,0.0,WNW,28.0,E,N,17.0,11.0,36.0,13,1014.7,1009.4,,,14.0,23.7,No,No
5.1,33.7,0.0,WNW,76.0,NNE,NW,9.0,33.0,22.0,8,1009.9,1003.7,,7.0,20.8,32.7,No,Yes
18.2,27.3,2.0,W,65.0,W,W,31.0,41.0,66.0,11,1006.3,1005.6,1.0,,21.4,26.1,Yes,No
6.4,25.4,0.0,SSW,41.0,S,SW,17.0,13.0,25.0,13,1017.7,1013.6,,,16.7,23.8,No,No
6.1,28.8,0.0,E,28.0,S,NNE,17.0,6.0,21.0,10,1017.6,1013.8,,,20.6,27.5,No,No
10.1,32.0,0.0,NNE,31.0,ENE,WNW,15.0,13.0,20.0,9,1018.7,1014.5,,,21.2,30.5,No,No
10.0,33.5,0.0,NNE,33.0,ENE,NNE,9.0,17.0,22.0,9,1018.5,1013.9,,,22.6,32.6,No,No
10.4,36.3,0.0,NW,31.0,NNW,NNW,13.0,11.0,18.0,9,1018.7,1014.6,,,25.3,35.5,No,No
12.3,38.1,0.0,NNE,37.0,NNW,NNE,6.0,17.0,19.0,8,1017.8,1012.2,,,27.7,36.4,No,No
13.6,38.6,0.0,WNW,46.0,NNW,WNW,20.0,24.0,18.0,8,1013.0,1008.3,,,27.6,37.8,No,No
18.6,29.0,0.0,SSE,46.0,SE,SSE,28.0,24.0,37.0,24,1017.8,1016.5,,,22.4,27.7,No,No
11.5,26.3,0.0,ESE,50.0,ESE,SE,31.0,22.0,33.0,18,1022.5,1018.2,,,17.3,25.6,No,No
9.0,29.0,0.0,E,39.0,E,ESE,24.0,20.0,22.0,12,1021.2,1016.2,,,18.8,27.6,No,No
10.3,29.4,0.0,SE,41.0,ENE,E,26.0,22.0,28.0,10,1020.3,1015.4,,,19.9,28.7,No,No
10.0,30.6,0.0,E,35.0,ENE,ENE,19.0,9.0,24.0,9,1018.0,1012.7,,,21.3,29.1,No,No
8.3,34.6,0.0,NW,52.0,NNE,NNW,9.0,24.0,22.0,7,1013.1,1007.3,,,22.8,33.8,No,No
16.1,23.8,0.0,SW,52.0,S,S,35.0,22.0,40.0,31,1011.5,1013.6,,7.0,21.3,20.5,No,No
3.7,25.2,0.0,SE,44.0,ESE,ENE,28.0,19.0,32.0,16,1019.8,1015.9,,,15.6,24.2,No,No
6.0,29.9,0.0,E,31.0,E,N,11.0,9.0,23.0,9,1017.9,1014.6,,1.0,20.0,28.9,No,No
12.1,33.9,0.0,N,35.0,ENE,NNW,15.0,22.0,18.0,7,1015.4,1010.7,,,22.4,33.3,No,No
13.4,32.6,0.0,NNW,67.0,N,N,13.0,37.0,21.0,23,1011.8,1007.4,5.0,8.0,25.6,30.9,No,No
14.8,21.9,0.0,S,44.0,SSE,SE,15.0,20.0,65.0,49,1016.5,1015.6,5.0,7.0,15.8,20.6,No,No
8.9,23.2,0.0,SE,46.0,E,E,31.0,24.0,44.0,24,1023.9,1019.7,,,15.0,21.5,No,No
7.4,25.2,0.0,E,43.0,E,E,26.0,19.0,26.0,13,1022.4,1017.5,,,16.9,24.2,No,No
5.7,29.7,0.0,ENE,35.0,NE,E,24.0,11.0,20.0,8,1018.5,1012.9,,,19.4,27.7,No,No
6.5,35.2,0.0,NNW,50.0,NNW,NW,17.0,24.0,15.0,6,1013.6,1008.3,,,23.5,33.8,No,No
14.2,35.8,0.0,SSW,31.0,SSE,SW,20.0,13.0,27.0,12,1013.8,1011.1,4.0,8.0,26.5,33.5,No,No
18.3,33.1,0.0,ESE,39.0,ESE,ENE,24.0,19.0,41.0,22,1016.8,1012.3,8.0,5.0,23.1,31.4,No,No
21.6,32.1,0.0,E,39.0,E,E,24.0,19.0,21.0,16,1015.6,1010.8,8.0,8.0,24.5,31.2,No,No
23.7,39.9,0.0,NW,54.0,NE,NW,13.0,26.0,14.0,11,1011.4,1005.4,1.0,6.0,29.1,37.9,No,No
24.0,32.0,0.0,SSW,41.0,SSE,S,13.0,19.0,32.0,28,1012.3,1010.7,8.0,8.0,27.8,29.7,No,No
19.8,28.9,0.0,E,46.0,E,E,28.0,20.0,40.0,26,1015.9,1012.3,8.0,8.0,20.7,27.8,No,No
16.6,28.6,0.0,E,43.0,ESE,E,24.0,22.0,29.0,22,1015.1,1012.3,8.0,7.0,20.6,26.6,No,No
17.3,26.0,0.0,NE,52.0,SE,WNW,17.0,17.0,27.0,53,1015.7,1013.5,7.0,8.0,22.5,23.0,No,No
15.8,33.7,0.0,NNE,37.0,NE,W,20.0,9.0,40.0,19,1015.1,1011.4,1.0,,22.9,32.9,No,No
17.0,37.6,0.0,W,31.0,ENE,WSW,11.0,15.0,21.0,14,1014.8,1010.6,,,28.3,35.9,No,No
18.2,37.7,0.0,SSE,35.0,SE,SSE,20.0,11.0,17.0,10,1015.7,1012.2,,,29.1,35.8,No,No
18.7,38.1,0.0,E,33.0,ENE,S,20.0,9.0,18.0,9,1015.0,1008.8,,,28.7,37.0,No,No
16.3,41.2,0.0,W,59.0,NNW,NW,17.0,24.0,15.0,8,1007.0,1002.2,,8.0,31.4,38.5,No,No
17.5,35.5,0.0,SSE,46.0,ESE,WSW,19.0,9.0,46.0,15,1009.8,1005.4,,,22.0,33.7,No,No
18.8,38.7,0.0,ENE,44.0,E,ENE,31.0,19.0,27.0,15,1008.1,1002.2,7.0,,24.8,36.8,No,No
21.3,39.1,0.0,NW,61.0,SE,WNW,7.0,28.0,20.0,16,1004.7,1001.9,8.0,8.0,27.7,34.9,No,No
21.1,39.1,0.0,NW,63.0,NW,WNW,19.0,37.0,19.0,8,1005.2,1002.3,,,30.9,38.8,No,No
17.4,34.9,0.0,SSW,39.0,SSE,SSE,22.0,19.0,25.0,13,1010.8,1008.0,,,26.3,34.0,No,No
16.8,30.5,0.0,S,39.0,SE,S,22.0,15.0,29.0,11,1017.4,1012.9,,,21.1,29.9,No,No
12.4,30.4,0.0,E,44.0,E,SSE,30.0,19.0,25.0,14,1018.1,1014.4,,,22.0,27.7,No,No
13.8,32.6,0.0,ENE,43.0,ENE,SSE,28.0,13.0,18.0,8,1018.5,1013.2,,,23.5,31.0,No,No
15.2,35.7,0.0,NE,44.0,NE,ESE,30.0,13.0,12.0,6,1015.9,1010.4,,,27.9,34.8,No,No
20.5,38.7,0.0,SSW,54.0,N,WNW,20.0,24.0,9.0,6,1013.2,1009.6,,1.0,29.8,37.1,No,No
24.5,33.9,0.0,SW,76.0,SSE,WNW,17.0,6.0,36.0,21,1013.3,1009.4,7.0,8.0,27.2,32.5,No,No
16.8,34.3,0.0,ESE,57.0,SE,E,17.0,11.0,54.0,25,1013.3,1008.2,,,23.4,31.7,No,No
18.2,39.6,0.0,NW,33.0,ENE,NW,17.0,19.0,34.0,10,1010.1,1004.4,,,27.9,38.4,No,No
18.9,42.1,0.0,S,57.0,N,SW,17.0,26.0,21.0,10,1005.2,1001.4,,8.0,31.6,39.0,No,No
21.8,33.8,0.0,SE,39.0,SE,SSE,22.0,15.0,39.0,27,1010.2,1006.9,,,24.7,32.2,No,No
19.7,35.5,0.0,SE,48.0,E,ENE,26.0,28.0,27.0,20,1012.5,1008.8,,1.0,26.4,33.8,No,Yes
19.3,29.0,1.4,E,50.0,ESE,E,26.0,28.0,46.0,34,1014.8,1011.7,7.0,,22.4,28.3,Yes,No
14.8,32.0,0.0,E,44.0,ESE,E,24.0,17.0,37.0,21,1015.5,1011.5,,,21.1,31.4,No,No
16.1,34.2,0.0,E,50.0,E,E,24.0,19.0,21.0,12,1016.5,1012.0,,,26.4,32.2,No,No
16.8,35.5,0.0,ENE,37.0,ENE,S,22.0,9.0,13.0,8,1015.3,1011.1,,,27.3,34.0,No,No
14.9,38.7,0.0,SSW,37.0,NE,ESE,19.0,17.0,9.0,6,1012.9,1008.9,,,30.5,37.0,No,No
17.1,41.5,0.0,SSE,63.0,NE,ESE,7.0,15.0,9.0,6,1011.0,1006.9,,4.0,30.9,39.2,No,No
19.3,40.9,0.0,WNW,37.0,NE,W,9.0,9.0,11.0,8,1008.2,1004.5,,8.0,30.5,39.5,No,No
20.1,42.2,0.0,WNW,54.0,NE,WNW,9.0,24.0,19.0,8,1006.4,1002.1,,3.0,33.2,41.1,No,No
27.7,40.6,0.0,N,54.0,E,NNW,22.0,26.0,20.0,14,1007.6,1004.5,5.0,,32.3,39.1,No,No
23.6,31.9,0.4,N,48.0,NE,WNW,6.0,7.0,43.0,39,1009.8,1009.0,8.0,8.0,29.2,29.3,No,No
21.9,39.2,0.2,WSW,69.0,NNE,NNW,19.0,31.0,47.0,24,1009.1,1003.6,1.0,8.0,29.3,37.8,No,Yes
20.4,32.5,16.4,SSW,69.0,N,WNW,15.0,20.0,87.0,44,1010.6,1007.7,8.0,6.0,22.7,32.3,Yes,Yes
19.0,23.3,4.4,NE,28.0,ESE,NE,13.0,20.0,90.0,96,1013.6,1012.5,6.0,8.0,21.2,21.9,Yes,Yes
19.4,33.3,6.0,NE,37.0,ENE,NNW,15.0,15.0,83.0,41,1012.3,1008.4,6.0,,23.0,31.9,Yes,No
22.1,33.1,0.0,S,41.0,S,SSE,24.0,20.0,51.0,24,1011.4,1009.5,8.0,2.0,24.7,31.9,No,No
16.6,31.5,0.0,ESE,44.0,ESE,SE,28.0,20.0,29.0,16,1015.5,1012.5,,,23.7,29.7,No,No
17.3,32.9,0.0,E,48.0,E,ENE,28.0,22.0,22.0,12,1016.7,1013.0,,,25.2,31.7,No,No
16.3,34.4,0.0,E,48.0,E,ESE,28.0,22.0,16.0,9,1015.5,1011.2,,,27.9,33.1,No,No
14.7,37.6,0.0,ENE,43.0,ENE,NNW,28.0,9.0,13.0,6,1012.1,1007.5,,,29.1,36.3,No,No
16.7,41.7,0.0,SW,61.0,NNE,WSW,26.0,15.0,17.0,7,1006.1,1002.6,,,33.2,41.1,No,No
24.2,35.2,0.0,NW,57.0,NNE,NNW,9.0,20.0,45.0,28,1009.3,1005.1,8.0,7.0,27.3,33.9,No,Yes
18.6,31.5,6.8,S,43.0,SE,SSE,20.0,6.0,71.0,44,1011.7,1007.3,8.0,4.0,20.3,29.5,Yes,No
18.6,36.6,0.0,SSE,41.0,E,N,19.0,9.0,45.0,26,1008.3,1003.9,1.0,2.0,26.9,34.7,No,No
22.8,37.5,0.0,E,52.0,ESE,ESE,31.0,17.0,27.0,22,1010.4,1007.4,,,29.6,36.5,No,No
26.2,38.6,0.0,W,57.0,E,NNE,30.0,17.0,23.0,19,1012.2,1007.3,7.0,,28.8,36.3,No,Yes
22.1,39.5,2.0,NE,54.0,NE,NNW,13.0,11.0,56.0,25,1009.0,1004.8,,,28.6,38.7,Yes,No
23.4,37.4,0.0,S,59.0,NE,ESE,17.0,13.0,36.0,24,1008.2,1004.9,6.0,,30.7,36.2,No,No
26.1,38.2,0.0,E,50.0,ESE,ESE,26.0,26.0,32.0,19,1010.3,1006.4,8.0,,29.1,37.1,No,No
25.3,37.4,0.0,NE,46.0,E,NE,26.0,26.0,49.0,30,1008.6,1003.5,,5.0,29.7,36.3,No,No
24.8,32.6,0.0,NNW,44.0,NNE,NW,20.0,11.0,59.0,57,1007.5,1004.0,4.0,8.0,28.2,30.0,No,Yes
22.9,29.9,21.8,N,35.0,NE,NE,13.0,19.0,85.0,58,1008.8,1005.1,8.0,6.0,24.6,29.3,Yes,Yes
22.8,29.5,9.2,NNW,54.0,NE,NE,19.0,26.0,96.0,75,1005.5,1001.1,8.0,8.0,24.3,28.0,Yes,Yes
22.1,27.4,83.8,ENE,72.0,N,NNW,31.0,43.0,100.0,100,994.6,989.2,8.0,8.0,22.2,24.2,Yes,Yes
22.1,35.8,63.8,WNW,43.0,WNW,W,17.0,31.0,77.0,41,997.8,995.2,4.0,2.0,26.0,33.5,Yes,No
22.6,36.8,0.0,NW,50.0,NW,W,30.0,15.0,63.0,39,1000.0,998.8,,,29.7,34.0,No,No
23.2,38.0,0.0,SSW,33.0,S,WSW,17.0,17.0,25.0,14,1004.4,1001.0,,,28.7,36.4,No,No
19.7,37.0,0.0,E,37.0,ESE,W,22.0,6.0,30.0,23,1004.6,1000.9,,,28.2,35.1,No,No
23.7,33.0,0.0,NE,46.0,NE,ENE,24.0,17.0,40.0,38,1005.1,1002.7,5.0,,30.1,31.5,No,No
22.3,36.1,0.0,E,37.0,SSE,E,19.0,26.0,50.0,26,1007.3,1005.0,1.0,,27.9,35.0,No,No
23.2,32.7,0.0,ESE,46.0,ESE,ESE,30.0,20.0,32.0,27,1010.3,1007.6,8.0,3.0,25.9,31.6,No,No
21.6,35.3,0.0,E,52.0,E,ESE,30.0,22.0,30.0,21,1008.9,1005.6,2.0,,27.8,33.2,No,No
20.9,37.8,0.0,ESE,44.0,E,ENE,30.0,19.0,22.0,19,1007.5,1004.1,,,29.4,35.7,No,No
23.0,39.9,0.0,E,50.0,ESE,ENE,30.0,17.0,19.0,18,1005.9,1002.2,,,32.8,37.9,No,No
23.8,40.1,0.0,WNW,39.0,N,NE,6.0,19.0,49.0,26,1003.1,999.7,,1.0,31.7,37.9,No,No
27.7,38.8,0.0,ENE,50.0,N,ENE,9.0,13.0,50.0,29,1002.7,998.6,1.0,,31.5,37.5,No,No
25.1,38.6,0.0,ENE,33.0,SE,NE,17.0,9.0,49.0,25,1003.5,1000.9,7.0,4.0,29.1,37.8,No,No
26.4,39.2,0.0,SE,35.0,E,ENE,22.0,20.0,38.0,24,1004.6,1001.4,2.0,8.0,32.5,38.1,No,No
27.7,37.4,0.0,E,44.0,ESE,E,31.0,26.0,34.0,27,1005.1,1002.9,,4.0,33.3,37.1,No,No
25.7,38.7,0.0,ENE,61.0,ESE,E,22.0,28.0,52.0,32,1006.4,1002.2,7.0,8.0,31.0,36.8,No,Yes
21.6,34.1,23.6,NNE,56.0,E,N,9.0,20.0,95.0,79,1005.1,1001.0,8.0,7.0,24.7,28.7,Yes,Yes
24.7,34.6,3.6,WSW,46.0,NW,ESE,17.0,24.0,68.0,81,1003.9,1002.8,,2.0,30.0,29.1,Yes,No
21.5,31.5,0.6,ESE,44.0,SE,E,24.0,24.0,62.0,42,1010.5,1007.9,8.0,8.0,22.7,29.9,No,No
21.8,35.8,0.0,E,44.0,E,E,26.0,20.0,43.0,35,1010.4,1006.2,7.0,,26.0,34.7,No,No
25.3,37.9,0.0,ENE,39.0,ENE,NE,28.0,24.0,22.0,22,1007.9,1003.9,,,30.5,36.9,No,No
23.2,40.1,0.0,NE,46.0,ESE,ESE,15.0,19.0,29.0,24,1005.4,1001.6,7.0,,29.7,39.4,No,No
25.4,36.5,0.2,ENE,52.0,NNE,ENE,13.0,22.0,63.0,42,1005.3,1002.5,,6.0,30.3,35.5,No,Yes
24.5,34.7,3.4,NNW,48.0,NNW,NW,26.0,30.0,73.0,49,1006.0,1001.9,6.0,6.0,28.0,33.5,Yes,Yes
26.0,34.4,1.8,W,39.0,NW,NW,17.0,20.0,67.0,53,1004.3,1001.9,3.0,4.0,29.9,32.4,Yes,Yes
24.7,32.5,2.2,NE,30.0,ENE,SSE,15.0,9.0,74.0,70,1007.5,1004.9,3.0,7.0,28.1,30.2,Yes,Yes
24.5,37.5,3.2,NNE,48.0,ENE,WSW,4.0,13.0,70.0,38,1007.9,1003.7,,4.0,28.4,36.1,Yes,Yes
23.1,34.5,6.4,SSW,50.0,ENE,W,19.0,7.0,79.0,56,1007.8,1003.7,8.0,,26.0,32.9,Yes,Yes
21.8,25.4,17.2,SSE,37.0,SSE,SE,20.0,22.0,100.0,76,1010.6,1009.6,8.0,8.0,21.8,25.0,Yes,No
21.3,34.2,0.2,E,37.0,E,E,24.0,17.0,80.0,52,1014.2,1010.4,8.0,,23.7,32.3,No,No
23.6,35.5,0.0,NE,48.0,E,ENE,26.0,22.0,68.0,46,1012.8,1009.5,8.0,,27.5,33.7,No,Yes
24.6,37.9,4.2,NE,52.0,E,ENE,24.0,17.0,51.0,31,1011.2,1007.9,,2.0,29.6,36.2,Yes,No
24.7,39.2,0.2,E,44.0,ENE,NE,19.0,19.0,45.0,30,1011.7,1008.5,,1.0,31.7,37.4,No,No
25.4,40.3,0.0,ENE,37.0,E,SE,17.0,6.0,40.0,20,1012.2,1008.2,,1.0,31.6,38.9,No,No
23.8,41.3,0.0,W,41.0,E,SSE,4.0,7.0,32.0,18,1009.5,1006.1,,2.0,33.8,39.0,No,No
26.1,41.5,0.0,E,43.0,ESE,ENE,24.0,20.0,45.0,16,1008.6,1005.4,,1.0,32.1,40.5,No,No
27.6,40.8,0.0,ENE,43.0,ESE,NE,26.0,11.0,44.0,22,1010.1,1006.3,,,32.1,39.0,No,No
27.5,36.5,0.0,,,ESE,E,13.0,24.0,50.0,34,1011.9,1007.8,,4.0,29.0,35.4,No,Yes
23.5,36.0,1.8,ENE,44.0,ENE,E,28.0,20.0,46.0,33,1010.6,1006.7,4.0,,28.3,33.8,Yes,No
25.6,38.8,0.0,NNE,31.0,NE,NNW,20.0,7.0,38.0,30,1007.2,1002.7,1.0,8.0,30.9,37.1,No,No
24.4,39.0,0.0,S,35.0,NNW,N,13.0,13.0,49.0,26,1004.3,1000.4,,4.0,31.8,37.8,No,No
25.8,39.2,0.0,ENE,78.0,ESE,E,20.0,19.0,45.0,30,1005.2,1001.7,,5.0,31.0,37.8,No,Yes
24.4,37.9,7.6,NE,72.0,E,NE,17.0,31.0,69.0,35,1006.2,1002.2,4.0,2.0,27.7,37.0,Yes,Yes
24.1,39.2,2.8,NE,50.0,N,NNE,17.0,26.0,62.0,28,1005.7,1003.0,,,29.7,37.8,Yes,No
25.6,40.6,0.2,ENE,56.0,,N,0.0,11.0,47.0,27,1007.3,1003.2,,1.0,32.0,38.6,No,No
24.8,39.8,0.4,WNW,65.0,E,ENE,15.0,20.0,38.0,24,1007.0,1003.6,,,31.5,36.6,No,Yes
22.2,39.4,6.2,S,30.0,S,W,19.0,9.0,56.0,25,1008.4,1004.9,,4.0,28.6,38.7,Yes,No
26.0,40.1,0.2,SE,50.0,SSE,SE,26.0,20.0,47.0,26,1007.1,1004.1,,,30.9,38.9,No,No
23.1,36.2,0.0,ESE,43.0,ESE,ESE,28.0,24.0,31.0,19,1011.4,1008.4,,,26.2,34.2,No,No
22.0,36.3,0.0,ENE,43.0,E,ENE,31.0,19.0,21.0,16,1012.8,1008.8,,,27.3,34.5,No,No
20.1,38.9,0.0,E,28.0,ENE,SE,19.0,7.0,19.0,12,1010.6,1006.2,,,29.3,37.9,No,No
19.3,40.1,0.0,SW,30.0,E,N,11.0,9.0,22.0,14,1009.0,1005.6,,,29.2,38.9,No,No
19.9,39.3,0.0,SSE,41.0,SE,SSE,24.0,11.0,34.0,12,1010.7,1008.3,,,29.3,38.3,No,No
21.8,34.0,0.0,SSE,39.0,SE,S,19.0,15.0,32.0,18,1015.1,1011.3,,,25.1,32.2,No,No
16.3,31.4,0.0,ESE,44.0,ESE,SSE,26.0,20.0,36.0,18,1015.8,1010.9,,,21.9,29.6,No,No
14.4,32.3,0.0,ENE,37.0,E,E,24.0,20.0,25.0,11,1014.6,1010.1,,,21.8,30.9,No,No
13.5,,0.0,,,ENE,SW,24.0,7.0,23.0,11,1013.7,1008.4,,,25.2,34.4,No,
16.1,38.0,,SSW,35.0,SSW,W,22.0,17.0,30.0,16,1011.4,1008.6,,,27.7,36.4,,No
18.1,36.6,0.0,E,44.0,ESE,ESE,28.0,20.0,27.0,13,1016.1,1013.2,,,25.9,35.4,No,No
19.3,36.7,0.0,SE,50.0,E,SE,30.0,17.0,29.0,15,1019.4,1014.6,,,26.3,35.0,No,No
18.1,35.9,0.0,E,43.0,ESE,ENE,26.0,20.0,29.0,16,1017.2,1012.9,,,25.8,34.3,No,No
19.3,37.5,0.0,ESE,37.0,E,ENE,24.0,17.0,23.0,13,1013.7,1009.4,,,27.1,36.3,No,No
17.5,38.0,0.0,SSE,37.0,E,SSW,28.0,11.0,18.0,10,1013.5,1009.6,,,26.8,36.8,No,No
15.9,38.2,0.0,SSE,37.0,E,SSE,15.0,19.0,15.0,8,1012.5,1008.8,,,28.3,37.8,No,No
19.1,39.8,0.0,ESE,50.0,E,SE,19.0,22.0,23.0,14,1012.6,1009.9,,2.0,29.9,38.0,No,No
21.0,38.4,0.0,SE,54.0,ESE,ESE,20.0,30.0,20.0,11,1014.7,1010.7,,1.0,30.0,37.4,No,No
19.5,38.1,0.0,E,52.0,SSE,ESE,15.0,26.0,22.0,12,1012.9,1009.1,,3.0,30.0,36.3,No,No
20.8,38.4,0.0,ESE,43.0,E,SSE,24.0,19.0,21.0,11,1012.4,1009.0,5.0,1.0,29.8,37.3,No,No
20.4,39.2,0.0,E,39.0,ESE,ESE,19.0,22.0,21.0,10,1012.2,1008.9,,0.0,30.1,38.2,No,No
21.3,37.1,0.0,SE,41.0,SE,SE,24.0,20.0,26.0,15,1012.2,1008.3,,1.0,27.7,36.0,No,No
22.4,32.0,0.0,E,35.0,ESE,E,19.0,19.0,34.0,23,1012.1,1009.1,2.0,8.0,24.9,31.2,No,No
21.4,33.9,0.0,NNW,35.0,ENE,NW,15.0,11.0,32.0,21,1011.3,1008.8,,3.0,27.5,33.0,No,No
17.8,36.4,0.0,NE,31.0,SSE,E,11.0,19.0,49.0,19,1012.4,1008.7,,,27.1,35.0,No,No
25.3,36.5,0.0,NNE,37.0,NE,SSE,19.0,7.0,25.0,23,1012.2,1009.5,7.0,6.0,29.7,35.0,No,No
22.0,37.4,0.0,SSW,35.0,ESE,WNW,4.0,13.0,17.0,21,1011.4,1007.7,6.0,5.0,29.4,36.1,No,No
26.6,36.4,0.0,SSW,46.0,SSE,ESE,22.0,15.0,45.0,29,1010.8,1007.0,8.0,,27.4,34.5,No,No
16.3,35.7,0.0,E,41.0,E,WSW,26.0,7.0,30.0,19,1012.5,1008.4,,,23.8,33.4,No,No
18.5,39.0,0.0,SSE,30.0,ESE,SSW,15.0,9.0,32.0,13,1012.5,1007.6,,,26.0,37.8,No,No
17.9,41.9,0.0,S,43.0,SE,WNW,9.0,17.0,26.0,15,1009.7,1005.0,,,27.0,40.8,No,No
23.4,35.1,0.0,S,48.0,SSE,ESE,26.0,20.0,43.0,21,1012.3,1009.1,,,24.2,34.1,No,No
19.8,37.7,0.0,E,37.0,E,ENE,28.0,7.0,27.0,16,1015.5,1010.7,,,24.8,36.1,No,No
20.3,38.8,0.0,ENE,37.0,E,SE,19.0,15.0,29.0,14,1015.7,1011.0,,,28.6,37.1,No,No
19.2,39.5,0.0,ENE,35.0,E,SSE,19.0,19.0,23.0,10,1012.4,1007.6,,,28.7,37.8,No,No
17.5,39.7,0.0,SSW,48.0,S,NNE,13.0,11.0,22.0,9,1009.5,1005.6,,,26.9,38.6,No,No
21.8,38.9,0.0,S,37.0,SE,NNE,19.0,9.0,42.0,15,1011.2,1006.8,,,26.3,36.8,No,No
23.1,39.9,0.0,ENE,37.0,E,WNW,22.0,13.0,33.0,16,1012.3,1007.7,,,28.1,37.8,No,No
24.6,40.8,0.0,N,33.0,E,SE,17.0,7.0,28.0,13,1012.0,1007.8,,,29.2,38.8,No,No
22.5,40.6,0.0,NE,33.0,ESE,ENE,17.0,22.0,27.0,11,1010.7,1006.9,,,29.5,39.3,No,No
21.3,40.6,0.0,E,35.0,ESE,SSE,9.0,9.0,21.0,11,1010.0,1005.3,,,29.7,38.9,No,No
18.4,41.6,0.0,NNW,37.0,ESE,N,9.0,20.0,20.0,9,1008.7,1005.1,,,28.6,40.4,No,No
25.3,37.6,0.0,SSE,50.0,SSE,SE,30.0,24.0,44.0,28,1010.5,1008.7,,,30.6,35.9,No,No
24.1,37.0,0.0,E,35.0,ESE,ESE,20.0,24.0,30.0,20,1013.1,1008.7,,1.0,27.4,36.1,No,No
25.2,34.7,0.0,SSE,52.0,ESE,WNW,19.0,13.0,32.0,27,1012.4,1009.7,7.0,3.0,26.6,33.8,No,No
17.7,28.0,0.0,SSE,46.0,SE,SE,28.0,24.0,52.0,20,1019.8,1016.0,2.0,2.0,19.3,26.8,No,No
15.9,28.8,0.0,E,37.0,E,ESE,26.0,15.0,26.0,15,1019.4,1015.4,,,19.2,27.4,No,No
12.0,29.0,0.0,SSE,48.0,E,SE,22.0,22.0,29.0,14,1019.9,1016.7,,,19.7,28.3,No,No
13.1,27.9,0.0,E,48.0,ESE,ESE,22.0,26.0,31.0,19,1022.7,1018.3,,,19.3,26.8,No,No
11.5,28.6,0.0,E,41.0,E,SE,24.0,17.0,34.0,17,1022.6,1017.5,,,19.4,27.7,No,No
11.5,29.0,0.0,SE,33.0,ESE,SSE,19.0,20.0,23.0,10,1021.1,1016.7,,,18.9,27.7,No,No
9.9,29.8,0.0,ESE,39.0,SE,SSE,19.0,15.0,20.0,11,1018.0,1013.2,,,20.0,28.1,No,No
12.2,31.0,0.0,ENE,41.0,E,N,22.0,9.0,25.0,10,1017.1,1012.3,,,20.6,29.9,No,No
10.6,34.7,0.0,WNW,35.0,E,NNW,15.0,9.0,24.0,12,1016.4,1012.6,,,21.9,33.0,No,No
14.3,36.8,0.0,SSE,37.0,SSE,NW,9.0,9.0,26.0,10,1016.2,1013.1,5.0,1.0,23.2,34.8,No,No
15.9,30.0,0.0,SSE,37.0,SSE,ESE,22.0,22.0,51.0,22,1021.1,1017.2,,,20.4,29.1,No,No
12.4,27.0,0.0,E,48.0,ESE,ESE,30.0,20.0,48.0,24,1021.6,1016.9,,,17.4,26.4,No,No
9.1,26.1,0.0,E,44.0,E,E,24.0,22.0,37.0,16,1020.7,1016.1,,,16.1,24.8,No,No
9.6,28.4,0.0,ENE,33.0,E,SE,19.0,17.0,31.0,12,1020.3,1016.2,,,16.9,26.8,No,No
10.6,29.3,0.0,E,37.0,E,E,19.0,24.0,27.0,10,1021.3,1017.4,,,18.3,27.9,No,No
11.8,29.8,0.0,E,37.0,ESE,NE,17.0,19.0,27.0,10,1021.1,1016.7,,1.0,18.9,28.1,No,No
17.8,29.2,0.0,ENE,31.0,SSE,NNE,13.0,9.0,44.0,14,1017.6,1014.1,8.0,,17.8,28.0,No,No
12.5,31.9,0.0,ENE,31.0,SE,ENE,9.0,13.0,29.0,13,1016.5,1012.3,8.0,1.0,19.3,30.5,No,No
19.3,24.4,0.0,W,35.0,ESE,SSE,7.0,19.0,28.0,91,1015.9,1013.9,8.0,8.0,21.3,18.5,No,Yes
15.2,21.5,6.8,ENE,30.0,NE,ENE,19.0,9.0,65.0,65,1016.9,1015.3,3.0,8.0,19.0,21.2,Yes,Yes
17.7,26.9,12.6,S,35.0,E,SSW,15.0,20.0,93.0,59,1018.1,1014.7,7.0,8.0,19.0,26.0,Yes,Yes
18.6,28.6,34.6,E,46.0,E,E,4.0,9.0,100.0,56,1020.0,1015.8,8.0,5.0,19.8,26.9,Yes,Yes
18.1,29.6,3.8,SSE,35.0,SSE,SE,9.0,4.0,90.0,46,1017.7,1014.5,1.0,8.0,20.3,28.0,Yes,No
16.8,29.0,0.0,ENE,33.0,ESE,E,15.0,22.0,89.0,39,1019.1,1014.9,8.0,,18.3,27.8,No,No
15.8,30.5,0.0,E,41.0,ESE,NE,24.0,13.0,67.0,36,1017.3,1013.1,,4.0,20.8,29.0,No,No
18.1,31.7,0.0,S,39.0,SE,SW,15.0,20.0,60.0,32,1014.5,1011.4,1.0,,22.8,31.2,No,No
15.6,27.3,0.0,SSE,41.0,SE,SSE,13.0,15.0,77.0,45,1018.0,1014.9,8.0,4.0,19.3,26.4,No,No
12.4,24.2,0.0,SSE,37.0,SE,SE,24.0,17.0,59.0,30,1022.5,1018.9,,,16.3,23.2,No,No
9.9,22.9,0.0,ESE,43.0,ESE,E,24.0,26.0,56.0,30,1024.5,1021.2,,,14.1,21.7,No,No
9.2,22.1,0.0,ESE,41.0,E,ESE,26.0,24.0,50.0,26,1024.8,1020.1,,,13.1,20.8,No,No
10.5,21.6,0.0,ESE,39.0,E,ENE,20.0,24.0,52.0,30,1022.2,1018.4,,,13.7,21.3,No,No
12.7,21.0,0.0,ENE,26.0,E,NE,17.0,7.0,50.0,34,1019.6,1016.1,7.0,,15.3,20.5,No,No
6.4,25.4,0.0,SSW,28.0,SE,SSE,7.0,13.0,55.0,25,1019.6,1017.4,,,15.2,23.9,No,No
9.1,23.8,0.0,SSE,35.0,SSE,ESE,26.0,20.0,66.0,36,1023.2,1020.4,,4.0,15.8,22.4,No,No
9.2,22.3,0.0,E,44.0,E,ESE,24.0,17.0,55.0,33,1026.2,1022.3,,,14.3,21.2,No,No
8.8,22.9,0.0,E,35.0,E,ESE,20.0,15.0,50.0,28,1025.8,1021.9,,,13.8,22.2,No,No
5.7,26.0,0.0,ENE,26.0,E,WNW,15.0,6.0,41.0,20,1024.9,1020.8,,,13.8,24.8,No,No
6.9,27.7,0.0,E,30.0,ESE,SE,11.0,11.0,34.0,19,1025.6,1022.1,,,17.4,26.7,No,No
10.8,27.0,0.0,ENE,44.0,ESE,E,17.0,24.0,31.0,17,1026.4,1022.5,,,16.8,26.3,No,No
9.5,25.6,0.0,E,39.0,ENE,E,19.0,20.0,42.0,21,1025.6,1020.8,,,16.2,24.4,No,No
8.3,22.9,0.0,E,31.0,E,SE,19.0,15.0,49.0,25,1024.1,1020.4,,,14.2,21.9,No,No
5.7,22.7,0.0,ENE,31.0,ESE,E,11.0,7.0,41.0,19,1023.2,1019.1,,,12.5,21.6,No,No
4.1,24.7,0.0,E,26.0,ESE,E,11.0,9.0,33.0,17,1022.1,1017.2,,,13.4,23.7,No,No
5.6,27.0,0.0,NNW,28.0,ESE,WNW,9.0,15.0,31.0,17,1018.8,1014.5,,,13.3,26.2,No,No
6.8,28.7,0.0,NW,37.0,SE,WNW,2.0,24.0,43.0,19,1016.9,1014.6,,1.0,15.2,27.5,No,No
6.8,27.0,0.0,WNW,24.0,SSE,NW,9.0,11.0,43.0,20,1018.9,1015.4,,,14.6,26.2,No,No
5.3,28.2,0.0,WNW,39.0,SE,NW,9.0,26.0,41.0,19,1017.5,1012.9,,,14.0,27.6,No,No
6.4,29.6,0.0,NW,50.0,N,NW,6.0,30.0,48.0,16,1014.5,1009.9,,,15.6,28.8,No,No
10.9,24.7,0.0,WSW,35.0,S,SW,13.0,13.0,50.0,29,1013.6,1011.5,1.0,,17.7,23.9,No,No
4.7,22.1,0.0,S,28.0,S,SSE,9.0,13.0,68.0,33,1019.0,1016.1,,,12.0,21.7,No,No
4.3,22.4,0.0,ENE,26.0,,N,0.0,7.0,71.0,33,1020.1,1014.8,,,10.9,21.3,No,No
4.1,26.0,0.0,NW,26.0,SE,WNW,9.0,15.0,60.0,22,1016.7,1012.8,,,12.3,25.2,No,No
7.2,29.4,0.0,NNW,44.0,ESE,N,7.0,26.0,46.0,20,1015.3,1011.5,,,14.5,28.8,No,No
9.7,30.0,0.0,NNW,41.0,NE,WNW,4.0,19.0,48.0,20,1016.4,1013.9,,,18.6,29.7,No,No
7.6,27.1,0.0,SE,24.0,S,NE,11.0,11.0,53.0,27,1021.4,1017.8,,,15.7,26.8,No,No
10.1,26.7,0.0,E,41.0,ESE,E,22.0,17.0,55.0,29,1022.6,1018.6,,,14.8,25.7,No,No
14.6,26.3,0.0,S,37.0,SSW,S,19.0,20.0,61.0,36,1022.0,1018.6,7.0,1.0,15.4,25.0,No,No
14.3,27.6,0.4,WNW,39.0,,NW,0.0,20.0,68.0,27,1020.5,1016.1,4.0,7.0,16.1,27.2,No,No
9.3,28.0,0.0,W,28.0,SSW,WNW,6.0,11.0,36.0,16,1019.9,1016.9,,,16.6,27.3,No,No
8.0,24.6,0.0,E,33.0,SE,ESE,11.0,13.0,46.0,25,1021.7,1018.8,4.0,,13.8,23.5,No,No
12.7,22.2,0.0,E,37.0,E,ESE,19.0,13.0,59.0,34,1024.3,1021.7,8.0,8.0,13.9,21.0,No,No
9.4,22.7,0.0,E,35.0,SE,E,13.0,17.0,62.0,32,1026.6,1023.6,8.0,4.0,11.8,22.3,No,No
5.4,20.5,0.0,E,46.0,E,E,20.0,28.0,56.0,32,1029.2,1025.3,,,11.1,20.2,No,No
5.6,19.4,0.0,E,43.0,E,ESE,22.0,24.0,61.0,22,1029.6,1027.1,,,9.7,18.3,No,No
1.5,19.2,0.0,E,37.0,ESE,ESE,17.0,22.0,45.0,18,1030.7,1026.7,,,6.8,17.6,No,No
3.8,19.8,0.0,ENE,39.0,ESE,E,19.0,17.0,42.0,22,1028.7,1024.1,,,8.6,18.9,No,No
4.5,18.8,0.0,E,31.0,ESE,E,13.0,15.0,42.0,26,1026.9,1022.4,,,9.5,18.6,No,No
4.9,20.7,0.0,E,37.0,ESE,ESE,17.0,24.0,38.0,11,1027.1,1023.9,,,10.3,19.8,No,No
1.2,20.8,0.0,E,43.0,ESE,E,13.0,28.0,29.0,6,1029.8,1025.9,,,7.9,19.9,No,No
0.5,21.7,0.0,E,43.0,ESE,ENE,13.0,20.0,27.0,19,1029.0,1025.0,,,9.5,20.5,No,No
4.0,20.0,0.0,SE,39.0,ESE,ESE,13.0,26.0,58.0,26,1030.2,1026.7,,,9.1,19.0,No,No
3.4,19.8,0.0,E,43.0,ESE,E,19.0,24.0,54.0,23,1031.8,1027.7,,,8.7,18.9,No,No
3.2,18.6,0.0,E,46.0,ESE,E,15.0,20.0,56.0,29,1031.0,1027.2,,,8.2,17.4,No,No
2.4,19.1,0.0,E,33.0,SE,E,17.0,17.0,59.0,24,1030.0,1026.2,,,8.0,18.8,No,No
5.1,19.7,0.0,E,46.0,ESE,E,13.0,17.0,56.0,29,1028.5,1025.8,,,8.5,19.2,No,No
2.5,21.2,0.0,ENE,35.0,ESE,E,17.0,19.0,57.0,32,1027.2,1023.0,,,10.3,20.3,No,No
2.3,21.4,0.0,SE,22.0,SE,SSE,11.0,7.0,60.0,28,1026.9,1022.8,,,8.9,20.3,No,No
2.6,22.5,0.0,S,19.0,S,E,9.0,7.0,59.0,24,1025.0,1021.4,,,8.8,22.1,No,No
5.2,24.3,0.0,E,24.0,SE,E,11.0,11.0,53.0,24,1023.8,1020.0,,,12.3,23.3,No,No
6.4,23.4,0.0,ESE,31.0,S,ESE,15.0,17.0,53.0,25,1025.8,1023.0,,,11.2,23.1,No,No
8.0,20.7,0.0,ESE,41.0,SE,E,19.0,26.0,56.0,32,1028.1,1024.3,,7.0,11.6,20.0,No,No
7.4,20.6,0.0,E,35.0,ESE,E,15.0,17.0,63.0,33,1027.2,1023.3,,,11.0,20.3,No,No
3.5,21.8,0.0,E,31.0,ESE,E,15.0,13.0,59.0,27,1024.7,1021.2,,,9.4,20.9,No,No
2.8,23.4,0.0,E,31.0,SE,ENE,13.0,11.0,51.0,24,1024.6,1020.3,,,10.1,22.4,No,No
3.6,25.3,0.0,NNW,22.0,SE,N,13.0,9.0,56.0,21,1023.5,1019.1,,,10.9,24.5,No,No
5.4,26.9,0.0,N,37.0,SE,WNW,9.0,9.0,53.0,24,1021.0,1016.8,,,12.5,26.1,No,No
7.8,27.0,0.0,SE,28.0,SSE,N,13.0,7.0,51.0,24,1019.4,1016.5,3.0,2.0,15.1,26.0,No,No
14.9,,0.0,,,ESE,ESE,17.0,17.0,62.0,36,1020.2,1017.9,8.0,8.0,15.0,20.9,No,
